-- phpMyAdmin SQL Dump
-- version 4.0.10deb1
-- http://www.phpmyadmin.net
--
-- Host: localhost
-- Generation Time: Sep 21, 2015 at 03:10 PM
-- Server version: 5.5.37-0ubuntu0.14.04.1
-- PHP Version: 5.5.9-1ubuntu4.4

SET SQL_MODE = "NO_AUTO_VALUE_ON_ZERO";
SET time_zone = "+00:00";


/*!40101 SET @OLD_CHARACTER_SET_CLIENT=@@CHARACTER_SET_CLIENT */;
/*!40101 SET @OLD_CHARACTER_SET_RESULTS=@@CHARACTER_SET_RESULTS */;
/*!40101 SET @OLD_COLLATION_CONNECTION=@@COLLATION_CONNECTION */;
/*!40101 SET NAMES utf8 */;

--
-- Database: `final_os_project`
--
CREATE DATABASE IF NOT EXISTS `final_os_project` DEFAULT CHARACTER SET latin1 COLLATE latin1_swedish_ci;
USE `final_os_project`;

-- --------------------------------------------------------

--
-- Table structure for table `admissionApplicant`
--

DROP TABLE IF EXISTS `admissionApplicant`;
CREATE TABLE IF NOT EXISTS `admissionApplicant` (
  `id` int(11) NOT NULL AUTO_INCREMENT,
  `applicantCode` varchar(100) NOT NULL,
  `applicantName` varchar(255) NOT NULL,
  `interviewTime` time NOT NULL DEFAULT '00:00:00',
  `questionsNo` mediumint(9) NOT NULL DEFAULT '0',
  `totalGrades` mediumint(9) NOT NULL DEFAULT '0',
  `precentage` int(11) NOT NULL DEFAULT '0',
  `createdOn` timestamp NOT NULL DEFAULT CURRENT_TIMESTAMP,
  `updatedOn` timestamp NULL DEFAULT NULL,
  PRIMARY KEY (`id`)
) ENGINE=InnoDB  DEFAULT CHARSET=latin1 AUTO_INCREMENT=3 ;

--
-- Dumping data for table `admissionApplicant`
--

INSERT INTO `admissionApplicant` (`id`, `applicantCode`, `applicantName`, `interviewTime`, `questionsNo`, `totalGrades`, `precentage`, `createdOn`, `updatedOn`) VALUES
(1, '2082015', 'Ahmed hasbet mo3lmat', '00:00:00', 0, 0, 0, '2015-08-02 11:13:05', NULL),
(2, 'PTP36ITICairo54548', 'Mahmoud Shawky Mansour El Sayed', '00:00:00', 0, 0, 0, '2015-08-02 11:51:01', NULL);

-- --------------------------------------------------------

--
-- Table structure for table `admissionApplicantResult`
--

DROP TABLE IF EXISTS `admissionApplicantResult`;
CREATE TABLE IF NOT EXISTS `admissionApplicantResult` (
  `applicantId` mediumint(9) NOT NULL,
  `questionId` mediumint(9) NOT NULL,
  `result` smallint(6) NOT NULL,
  PRIMARY KEY (`applicantId`,`questionId`)
) ENGINE=InnoDB DEFAULT CHARSET=latin1;

-- --------------------------------------------------------

--
-- Table structure for table `admissionApplicantResult_BU`
--

DROP TABLE IF EXISTS `admissionApplicantResult_BU`;
CREATE TABLE IF NOT EXISTS `admissionApplicantResult_BU` (
  `applicantId` mediumint(9) NOT NULL,
  `questionId` mediumint(9) NOT NULL,
  `result` smallint(6) NOT NULL,
  PRIMARY KEY (`applicantId`,`questionId`)
) ENGINE=InnoDB DEFAULT CHARSET=latin1;

--
-- Dumping data for table `admissionApplicantResult_BU`
--

INSERT INTO `admissionApplicantResult_BU` (`applicantId`, `questionId`, `result`) VALUES
(1, 1, 0),
(1, 7, 0),
(1, 22, 5),
(1, 23, 10),
(1, 25, 5),
(1, 26, 0),
(1, 27, 0),
(1, 41, 0),
(1, 43, 0),
(1, 49, 5),
(1, 52, 5),
(1, 53, 0),
(2, 3, 10),
(2, 5, 0),
(2, 14, 0),
(2, 22, 0),
(2, 25, 5),
(2, 30, 0),
(2, 31, 0),
(2, 36, 0),
(2, 37, 10),
(2, 41, 10),
(2, 43, 5),
(2, 53, 10),
(3, 7, 0),
(3, 12, 0),
(3, 14, 0),
(3, 27, 10),
(3, 28, 5),
(3, 31, 5),
(3, 36, 5),
(4, 25, 0),
(4, 43, 0),
(5, 1, 5),
(5, 2, 10),
(5, 25, 0),
(5, 43, 5),
(6, 6, 0),
(6, 7, 0),
(6, 17, 5),
(6, 22, 0),
(6, 26, 5),
(6, 27, 0),
(6, 43, 10),
(7, 27, 5),
(7, 28, 5),
(7, 44, 0),
(8, 43, 5),
(8, 44, 0),
(8, 45, 0),
(9, 30, 0),
(10, 28, 0),
(11, 19, 5),
(11, 31, 5),
(11, 44, 0),
(17, 7, 0),
(17, 25, 10),
(17, 31, 0),
(17, 36, 10),
(18, 65, 5),
(18, 69, 0),
(19, 64, 0),
(19, 65, 5),
(19, 66, 5),
(20, 6, 0),
(20, 16, 0),
(21, 2, 5),
(21, 3, 0),
(21, 6, 0),
(21, 26, 0),
(21, 38, 0),
(21, 42, 5),
(21, 49, 5),
(21, 54, 0),
(21, 63, 0),
(21, 73, 5),
(22, 29, 0),
(22, 75, 0),
(23, 1, 10),
(23, 2, 10),
(23, 8, 0),
(23, 22, 0),
(23, 54, 0),
(24, 12, 0),
(26, 6, 0),
(26, 11, 0),
(26, 29, 5),
(26, 30, 5),
(26, 39, 0),
(26, 42, 0),
(26, 43, 5),
(26, 49, 10),
(26, 55, 0),
(26, 75, 0),
(26, 83, 0),
(27, 2, 5),
(27, 22, 0),
(27, 26, 0),
(27, 31, 0),
(27, 53, 0),
(28, 3, 0),
(28, 6, 5),
(28, 28, 10),
(28, 30, 5),
(28, 37, 10),
(28, 42, 5),
(28, 43, 5),
(28, 45, 10),
(28, 49, 0),
(28, 55, 5),
(28, 75, 0),
(29, 11, 0),
(29, 12, 10),
(29, 14, 0),
(29, 22, 0),
(29, 27, 5),
(29, 31, 10),
(29, 45, 5),
(29, 53, 5),
(30, 11, 0),
(30, 29, 5),
(30, 35, 5),
(30, 54, 0),
(31, 25, 0),
(31, 44, 10),
(31, 46, 5),
(31, 54, 0),
(32, 17, 0),
(32, 22, 5),
(32, 25, 10),
(32, 29, 10),
(32, 31, 5),
(32, 43, 10),
(33, 7, 0),
(33, 13, 10),
(33, 19, 5),
(33, 22, 10),
(33, 28, 10),
(33, 73, 5),
(33, 80, 10),
(34, 75, 0),
(35, 31, 5),
(36, 44, 0),
(37, 19, 5),
(37, 22, 5),
(37, 25, 0),
(38, 22, 5),
(38, 30, 10),
(38, 46, 10),
(39, 3, 10),
(39, 39, 0),
(39, 42, 5),
(39, 54, 0),
(39, 55, 0),
(39, 73, 5),
(39, 83, 0),
(41, 5, 5),
(41, 6, 5),
(41, 11, 5),
(41, 18, 0),
(41, 31, 0),
(41, 73, 0),
(41, 81, 0),
(42, 3, 0),
(42, 5, 5),
(42, 17, 5),
(42, 19, 10),
(42, 22, 10),
(42, 31, 0),
(42, 41, 0),
(42, 42, 5),
(42, 49, 5),
(43, 63, 5),
(45, 25, 10),
(45, 36, 0),
(45, 52, 0),
(45, 62, 5);

-- --------------------------------------------------------

--
-- Table structure for table `admissionApplicant_BU`
--

DROP TABLE IF EXISTS `admissionApplicant_BU`;
CREATE TABLE IF NOT EXISTS `admissionApplicant_BU` (
  `id` int(11) NOT NULL AUTO_INCREMENT,
  `applicantCode` varchar(100) NOT NULL,
  `applicantName` varchar(255) NOT NULL,
  `interviewTime` time NOT NULL DEFAULT '00:00:00',
  `questionsNo` mediumint(9) NOT NULL DEFAULT '0',
  `totalGrades` mediumint(9) NOT NULL DEFAULT '0',
  `precentage` int(11) NOT NULL DEFAULT '0',
  `createdOn` timestamp NOT NULL DEFAULT CURRENT_TIMESTAMP,
  `updatedOn` timestamp NULL DEFAULT NULL,
  PRIMARY KEY (`id`)
) ENGINE=InnoDB  DEFAULT CHARSET=latin1 AUTO_INCREMENT=46 ;

--
-- Dumping data for table `admissionApplicant_BU`
--

INSERT INTO `admissionApplicant_BU` (`id`, `applicantCode`, `applicantName`, `interviewTime`, `questionsNo`, `totalGrades`, `precentage`, `createdOn`, `updatedOn`) VALUES
(1, 'Intake35ITICairo64926', 'Amr Magdy', '00:23:50', 12, 30, 25, '2014-08-10 06:33:20', NULL),
(2, 'Intake35ITICairo65269', 'Yahia Mahmoud Bassuney', '00:59:33', 12, 50, 42, '2014-08-10 07:06:04', NULL),
(3, 'Intake35ITICairo66882', 'Mustafa Ahmed Abd El-Moneem', '00:30:24', 7, 25, 36, '2014-08-10 08:14:48', NULL),
(4, 'Intake35ITICairo65392', 'Muhammed Aly Ibrahim', '00:42:40', 2, 0, 0, '2014-08-10 08:53:24', NULL),
(5, 'Intake35ITICairo65818', 'Mohammed Sherif', '00:20:34', 4, 20, 50, '2014-08-10 09:37:18', NULL),
(6, 'Intake35ITICairo65112', 'Hassan Moustafa', '00:35:19', 7, 20, 29, '2014-08-10 10:11:43', NULL),
(7, 'Intake35ITICairo65788', 'Masoud Magdi Masoud', '00:24:15', 3, 10, 33, '2014-08-10 10:51:45', NULL),
(8, 'Intake35ITICairo65650', 'Muhammed Aly Ibrahim', '00:26:52', 3, 5, 17, '2014-08-10 11:18:52', NULL),
(9, 'Intake35ITICairo65462', 'Ahmed Sayed Ali', '00:17:47', 1, 0, 0, '2014-08-10 11:55:30', NULL),
(10, 'Intake35ITICairo65436', 'Eslam Mohamed Reda Ahmed', '00:11:36', 1, 0, 0, '2014-08-10 12:29:40', NULL),
(11, 'Intake35ITICairo65545', 'Ahmed Magdy Hassan Nussair', '00:09:16', 3, 10, 33, '2014-08-10 12:45:08', NULL),
(17, 'Intake35ITICairo66922', 'Osama Sabry Bakr', '00:22:44', 4, 20, 50, '2014-08-12 06:33:42', NULL),
(18, 'Mahmoud Ismail Abdel-kariem', 'Intake35ITICairo67647', '00:13:32', 2, 5, 25, '2014-08-12 07:09:47', NULL),
(19, 'Intake35ITICairo67648', 'Israa Salah El-Sayed', '00:13:41', 3, 10, 33, '2014-08-12 07:33:20', NULL),
(20, 'Intake35ITICairo65428', 'Mostafa Adel Sadek', '00:25:31', 2, 0, 0, '2014-08-12 08:01:51', NULL),
(21, 'Intake35ITICairo64957', 'heba reda ahmed', '00:24:21', 10, 20, 20, '2014-08-13 06:40:24', NULL),
(22, 'Intake35ITICairo65915', 'abdelrahim al tawab sherkawy', '00:09:54', 2, 0, 0, '2014-08-13 07:05:43', NULL),
(23, 'Intake35ITICairo66653', 'Islam Abd-Elfatah Ahmed', '00:27:01', 5, 20, 40, '2014-08-13 07:20:59', NULL),
(24, 'Intake35ITICairo67334', 'abdulghany hamed el nagar', '00:20:58', 1, 0, 0, '2014-08-13 08:24:36', NULL),
(25, 'Intake35ITICairo68023', 'yasir isamiel hashad', '00:00:00', 0, 0, 0, '2014-08-13 09:05:57', NULL),
(26, 'Intake35ITICairo67385', 'yara ebrahim hassan', '00:10:18', 11, 25, 23, '2014-08-17 08:33:27', NULL),
(27, 'Intake35ITICairo67812', 'salah el-said eid', '00:08:55', 5, 5, 10, '2014-08-17 08:46:37', NULL),
(28, 'Intake35ITICairo68112', 'Abdullah Mahmoud Alsofany', '00:19:47', 11, 55, 50, '2014-08-17 08:59:17', NULL),
(29, 'Intake35ITICairo64896', 'Hossam El-dien Shabaan Omar', '00:31:24', 8, 35, 44, '2014-08-17 09:23:59', NULL),
(30, 'Intake35ITISuezCanal66467', 'Ahmed Hussein Mohamed', '00:34:17', 4, 10, 25, '2014-08-17 09:55:44', NULL),
(31, 'Intake35ITICairo65109', 'ahmed magdy hanfy', '00:18:43', 4, 15, 38, '2014-08-17 10:30:33', NULL),
(32, 'Intake35ITICairo65724', 'Yousab Maged Monier', '00:28:42', 6, 40, 67, '2014-08-18 09:27:48', NULL),
(33, 'Intake35ITICairo66445', 'Asmaa Mohamed Tahoon', '00:21:59', 7, 50, 71, '2014-08-18 09:58:17', NULL),
(34, 'ahmed tarek marzouk', 'Modern Academy In Maadi', '00:13:14', 1, 0, 0, '2014-08-18 10:21:08', NULL),
(35, 'Intake35ITICairo68069', 'Antwan Magdy Rezk', '00:22:32', 1, 5, 50, '2014-08-18 10:39:25', NULL),
(36, 'Intake35ITICairo68117', 'nada sayed ibrahim', '02:31:17', 1, 0, 0, '2014-08-18 11:11:16', NULL),
(37, 'Intake35ITICairo65607', 'eman ashour zomrawy', '00:08:59', 3, 10, 33, '2014-08-19 06:32:42', NULL),
(38, 'Intake35ITICairo66435', 'Eman Moahmed Abdel Ghaffar', '09:53:34', 3, 25, 83, '2014-08-19 06:47:48', NULL),
(39, 'Intake35ITICairo67382', 'Mayar Samy El-Damaty', '00:11:11', 7, 20, 29, '2014-08-20 09:28:39', NULL),
(40, 'Intake35ITICairo68220', 'marian samy beshay', '00:00:00', 0, 0, 0, '2014-08-20 09:41:06', NULL),
(41, 'Intake35ITICairo68473', 'Zahia Nagah Sedki', '00:16:06', 7, 15, 21, '2014-08-24 09:30:25', NULL),
(42, 'Intake35ITICairo67625', 'taher fakhry amin', '00:14:12', 9, 40, 44, '2014-08-24 09:57:07', NULL),
(43, 'Intake35ITICairo67045', 'Christine Raouf Farag', '12:08:19', 1, 5, 50, '2014-08-24 12:26:48', NULL),
(44, 'Abdo', 'nn', '00:00:00', 0, 0, 0, '2014-11-10 10:19:37', NULL),
(45, 'Abdo', 'Islam Askar', '00:00:35', 4, 15, 38, '2014-11-10 10:20:26', NULL);

-- --------------------------------------------------------

--
-- Table structure for table `admissionCategory`
--

DROP TABLE IF EXISTS `admissionCategory`;
CREATE TABLE IF NOT EXISTS `admissionCategory` (
  `id` mediumint(8) NOT NULL AUTO_INCREMENT,
  `name` varchar(50) CHARACTER SET utf8 NOT NULL,
  PRIMARY KEY (`id`)
) ENGINE=InnoDB  DEFAULT CHARSET=ucs2 AUTO_INCREMENT=10 ;

--
-- Dumping data for table `admissionCategory`
--

INSERT INTO `admissionCategory` (`id`, `name`) VALUES
(1, 'Object Oriented'),
(2, 'Database'),
(3, 'PHP'),
(4, 'Linux Administration'),
(5, 'General'),
(6, 'Operating System'),
(7, 'Networking'),
(8, 'Telecom'),
(9, 'Data Structure');

-- --------------------------------------------------------

--
-- Table structure for table `admissionGradesCategories`
--

DROP TABLE IF EXISTS `admissionGradesCategories`;
CREATE TABLE IF NOT EXISTS `admissionGradesCategories` (
  `grade` varchar(30) NOT NULL,
  `value` smallint(6) NOT NULL
) ENGINE=InnoDB DEFAULT CHARSET=latin1;

--
-- Dumping data for table `admissionGradesCategories`
--

INSERT INTO `admissionGradesCategories` (`grade`, `value`) VALUES
('Away', 0),
('Near', 5),
('Exact', 10);

-- --------------------------------------------------------

--
-- Table structure for table `admissionQuestion`
--

DROP TABLE IF EXISTS `admissionQuestion`;
CREATE TABLE IF NOT EXISTS `admissionQuestion` (
  `id` mediumint(8) NOT NULL AUTO_INCREMENT,
  `title` varchar(255) CHARACTER SET utf8 NOT NULL,
  `body` text NOT NULL,
  `categoryId` mediumint(8) NOT NULL,
  `levelId` mediumint(8) NOT NULL,
  PRIMARY KEY (`id`)
) ENGINE=InnoDB  DEFAULT CHARSET=ucs2 AUTO_INCREMENT=85 ;

--
-- Dumping data for table `admissionQuestion`
--

INSERT INTO `admissionQuestion` (`id`, `title`, `body`, `categoryId`, `levelId`) VALUES
(1, 'What is a class?', '<p><span style="font-family:verdana,geneva,sans-serif; font-size:12px">It is the blueprint/ factory/ template that describe the details of an object.</span><br />\r\n&nbsp;</p>\r\n', 1, 1),
(2, 'What is an object?', '<p>Object is termed as an instance of a class, and it has its own state, behavior and identity.</p>\r\n', 1, 1),
(3, 'What is the difference between == and === in PHP?', '<p><span style="color:rgb(68, 68, 68); font-family:verdana,arial,helvetica,sans-serif; font-size:12px">The == operator just checks to see if the left and right </span><span style="color:#FF0000"><span style="font-family:verdana,arial,helvetica,sans-serif; font-size:12px"><strong>values are equal.</strong></span></span><span style="color:rgb(68, 68, 68); font-family:verdana,arial,helvetica,sans-serif; font-size:12px"> But, the === operator (note the extra &ldquo;=&rdquo;) actually checks to see if the left and right </span><span style="color:#FF0000"><span style="font-family:verdana,arial,helvetica,sans-serif; font-size:12px"><strong>values are equal</strong></span></span><span style="color:rgb(68, 68, 68); font-family:verdana,arial,helvetica,sans-serif; font-size:12px">, and </span><span style="color:#FF0000"><span style="font-family:verdana,arial,helvetica,sans-serif; font-size:12px"><strong>variable type</strong></span></span><span style="color:rgb(68, 68, 68); font-family:verdana,arial,helvetica,sans-serif; font-size:12px"> (like whether they are both booleans, ints, etc.).</span></p>\r\n\r\n<p>&nbsp;</p>\r\n', 3, 1),
(4, 'What are magic methods and how are they used?', '<p><span style="color:rgb(68, 68, 68); font-family:verdana,arial,helvetica,sans-serif; font-size:12px">PHP functions that start with a double underscore &ndash; a &ldquo;__&rdquo; &ndash; are called magic functions (and/or methods) in PHP. They are functions that are always&nbsp;</span><strong>defined&nbsp;<em>inside</em>&nbsp;classes</strong><span style="color:rgb(68, 68, 68); font-family:verdana,arial,helvetica,sans-serif; font-size:12px">, and are&nbsp;</span><strong>not</strong><span style="color:rgb(68, 68, 68); font-family:verdana,arial,helvetica,sans-serif; font-size:12px">&nbsp;stand-alone (outside of classes) functions. The magic functions available in PHP are: <strong>__construct(), __destruct(), __call(), __callStatic(), __get(), __set(), __isset(), __unset(), __sleep(), __wakeup(), __toString(), __invoke(), __set_state(), __clone(), and __autoload()</strong>.</span></p>\r\n\r\n<p><span style="color:rgb(68, 68, 68); font-family:verdana,arial,helvetica,sans-serif; font-size:12px">This is important to remember &ndash; PHP does not provide the definitions of the magic functions &ndash; the programmer must actually write the code that defines what the magic function will do. But, magic functions will never&nbsp;</span><em>directly</em><span style="color:rgb(68, 68, 68); font-family:verdana,arial,helvetica,sans-serif; font-size:12px">&nbsp;be called by the programmer &ndash; actually, PHP will call the function &lsquo;behind the scenes&rsquo;. This is why they are called &lsquo;magic&rsquo; functions.</span></p>\r\n\r\n<pre style="text-align:justify">\r\ninclude &quot;class/class.Foo.php&quot;;\r\ninclude &quot;class/class.AB.php&quot;;\r\ninclude &quot;class/class.XZ.php&quot;;\r\ninclude &quot;class/class.YZ.php&quot;;\r\n\r\n$foo = new Foo;\r\n$ab = new AB;\r\n$xz = new XZ;\r\n$yz = new YZ;\r\n\r\n</pre>\r\n\r\n<pre style="text-align:justify">\r\nfunction __autoload($class_name) \r\n{\r\n    require_once &ldquo;./class/class.&rdquo;.$class_name.&ldquo;.php&rdquo;;\r\n}\r\n\r\n$foo = new Foo;\r\n$ab = new AB;\r\n$xz = new XZ;\r\n$yz = new YZ;</pre>\r\n', 3, 2),
(5, 'whatâ€™s the difference between an inner and outer join?', '<p>Joins are used to combine the data from two tables, with the result being a new, temporary table. The temporary table is created based on column(s) that the two tables share, which represent meaningful column(s) of comparison. The goal is to extract meaningful data from the resulting temporary table. Joins are performed based on something called a predicate, which specifies the condition to use in order to perform a join. A join can be either an inner join or an outer join, depending on how one wants the resulting table to look.</p>\r\n\r\n<p style="text-align: center;">&nbsp;</p>\r\n\r\n<p><img alt="" src="/upload/images/KDi5d.png" style="height:689px; width:991px" /></p>\r\n\r\n<p>an inner join will only return rows in which there is a match based on the join predicate. In this case, what that means is anytime the Employee and Location table share an Employee ID, a row will be generated in the results to show the match. Looking at the original tables, one can see that those Employee ID&rsquo;s that are shared by those tables are displayed in the results. But, with a left or right outer join, the result set will retain all of the rows from either the left or right table.</p>\r\n', 2, 2),
(6, 'whatâ€™s the difference between the having clause and the where clause?', '<p>where clause can&nbsp;not&nbsp;be used with aggregates, but the having clause can. One way to think of it is that the having clause is an additional filter to the where clause.</p>\r\n', 2, 1),
(7, 'What is the LAMP stack?', '<p>Each letter in the acronym LAMP stands for a different open source technology &ndash; those technologies are Linux (as the open source operating system), Apache (as the web server), MySQL (as the open source database software), and PHP, Python, or Perl. Most people mistakenly think that a LAMP stack always uses PHP as the programming language, but either Perl or Python can actually be used instead of PHP.</p>\r\n', 5, 1),
(8, 'What is the difference between JOIN and UNION?', '<p>SQL JOIN allows us to &ldquo;lookup&rdquo; records on other table based on the given conditions between two tables. For example, if we have the department ID of each employee, then we can use this department ID of the employee table to join with the department ID of department table to lookup department names.</p>\r\n\r\n<p>UNION operation allows us to add 2 similar data sets to create resulting data set that contains all the data from the source data sets. Union does not require any condition for joining. For example, if you have 2 employee tables with same structure, you can UNION them to create one result set that will contain all the employees from both of the tables.</p>\r\n', 2, 1),
(9, 'What is DBMS and what are its types?', '<p>Database management system is a collection of programs that enables user to store , retrieve , update and delete information from a database .</p>\r\n\r\n<p><br />\r\nRelational Database Management system (RDBMS) is a database management system (DBMS) that is based on the relational model . Data from relational database can be accessed or reassembled in many different ways without having to reorganize the database tables . Data from relational database can be accessed using a API , Structured Query Language (SQL)<br />\r\n&nbsp;</p>\r\n\r\n<ul>\r\n	<li>RDBMS</li>\r\n	<li>ORDBMS</li>\r\n</ul>\r\n', 2, 1),
(10, 'What is SQL ?', '<p><br />\r\nStructured Query Language(SQL) is a language designed specifically for communicating with databases. SQL is an ANSI (American National Standards Institute) standard .<br />\r\n&nbsp;</p>\r\n', 2, 1),
(11, 'What are  DML, DDL and DCL?', '<p><br />\r\n1. DDL &ndash; Data Definition Language DDL is used to define the structure that holds the data. For example. table</p>\r\n\r\n<p>2. DML &ndash; Data Manipulation Language<span style="font-size:13px; line-height:1.6em">DML is used for manipulation of the data itself. Typical operations are Insert,Delete,Update and retrieving the data from the table </span></p>\r\n\r\n<p><span style="font-size:13px; line-height:1.6em">3.&nbsp;DCL&ndash; Data Control Language DCL is used to control the visibility of data like granting database access and set privileges to create table etc.</span></p>\r\n', 2, 1),
(12, 'What are database ,  table , column and row?', '<p><strong>Database</strong> : collection of data stored in tables.<br />\r\n<strong>Tables</strong>: A Collection of related data. The table has a name;&nbsp;a number of columns and a number of rows, a table&nbsp;in a database looks like a simple spreadsheet.<br />\r\n<strong>Columns</strong>: Each column in the table has a unique name and&nbsp;contains different data. Additionally, each column&nbsp;has an associated data type as an integer, strings or&nbsp;Timestamp and so on . Columns are sometimes &nbsp;called fields or attributes.<br />\r\n<strong>Rows</strong>: are a group of related data. Because of the tabular&nbsp;format, each row has the same attributes.<br />\r\n&nbsp;</p>\r\n', 2, 1),
(13, ' What is a primary key?', '<p><br />\r\nA primary key is a column whose values uniquely identify every row in a table. Primary key values can never be reused. If a row is deleted from the table, its primary key may not be assigned to any new rows in the future. In the examples given below &ldquo;Employee_ID&rdquo; field is the primary key .&nbsp;</p>\r\n\r\n<p><span style="font-size:13px; line-height:1.6em">&nbsp;To define a field as primary key, following conditions had to be met :&nbsp;</span></p>\r\n\r\n<ol>\r\n	<li>No two rows can have the same primary key value.</li>\r\n	<li>Every row must have a primary key value</li>\r\n	<li>Primary key field cannot be null</li>\r\n	<li>Values in primary key columns can never be modified or updated<br />\r\n	&nbsp;</li>\r\n</ol>\r\n', 2, 1),
(14, 'What is a database transaction?', '<p>Database transaction take database from one consistent state to another. At the end of the transaction the system must be in the prior state if transaction fails or the status of the system should reflect the successful completion if the transaction goes through.</p>\r\n', 2, 1),
(15, 'What are properties of a transaction?', '<p>Properties of the transaction can be summarized as ACID Properties.</p>\r\n\r\n<p>1. Atomicity In this , a transaction consists of many steps. When all the steps in the transaction go completed it get reflected in DB or if any step fails, all the transactions are rolled back.</p>\r\n\r\n<p>2. Consistency The database will move from one consistent state to another if the transaction succeeds and remain in the original state if the transaction fails.</p>\r\n\r\n<p>3. Isolation Every transaction should operate as if it is the only transaction in the system</p>\r\n\r\n<p>4. Durability Once a transaction has completed successfully, the updated rows/records must be available for all other transactions on a permanent basis</p>\r\n', 2, 2),
(16, 'What are the different type of normalization?', '<p><br />\r\nIn database design , we start with one single table, with all possible columns. Lot of redundant data would be present since it&rsquo;s a single table. The process of removing the redundant data, by splitting up the table in a well defined fashion is called normalization. 1. First Normal Form (1NF) A relation is said to be in first normal form if and only if all underlying domains contain atomic values only. After 1NF , we can still have redundant data 2. Second Normal Form (2NF) A relation is said to be in 2NF if and only if it is in 1NF and every non key attribute is fully dependent on the primary key. After 2NF , we can still have redundant data 3. Third Normal Form (3NF) A relation is said to be in 3NF if and only if it is in 2NF and every non key attribute is non-transitively dependent on the primary key<br />\r\n&nbsp;</p>\r\n', 2, 2),
(17, 'What is a Composite Primary Key ?', '<p>A Composite primary key is a set of columns whose values uniquely identify every row in a table. For example , in the table given above , if &quot;Employee_ID&quot; and &quot;Employee Name&quot; together uniquely identifies a row its called a Composite Primary Key . In this case , both the columns will be represented as primary key.</p>\r\n', 2, 1),
(18, 'What is a Foreign Key ?', '<p><br />\r\nWhen a &quot;one&quot; table&#39;s primary key field is added to a related &quot;many&quot; table in order to create the common field which relates the two tables, it is called a foreign key in the &quot;many&quot; table. In the example given below , salary of an employee is stored in salary table . Relation is established via foreign key column &ldquo;Employee_ID_Ref&rdquo; which refers &ldquo;Employee_ID&rdquo; field in Employee table .<br />\r\n&nbsp;</p>\r\n', 2, 1),
(19, 'What is a view?', '<p><br />\r\nViews are virtual tables. Unlike tables that contain data, views simply contain queries that dynamically retrieve data when used.<br />\r\n&nbsp;</p>\r\n', 2, 1),
(20, ' What is a stored procedure?', '<p>Stored Procedure is a function which contain collection of SQL Queries. Procedure can take inputs , process them and send back output.</p>\r\n', 2, 2),
(21, 'What is a trigger?', '<p><br />\r\nDatabase are set of commands that get executed when an event(Before Insert,After Insert,On Update,On delete of a row) occurs on a table,views.<br />\r\n&nbsp;</p>\r\n', 2, 2),
(22, 'Explain the difference between DELETE , TRUNCATE and DROP commands?', '<p><br />\r\nOnce delete operation is performed Commit and Rollback can be performed to retrieve data. But after truncate statement, Commit and Rollback statement cant be performed. Where condition can be used along with delete statement but it cant be used with truncate statement. Drop command is used to drop the table or keys like primary,foreign from a table.<br />\r\n&nbsp;</p>\r\n', 2, 1),
(23, 'How to select unique values from a column?', '<p>the&nbsp;distinct&nbsp;keyword will allow us to do that. Here&rsquo;s what the simple SQL would look like:</p>\r\n\r\n<p>SELECT DISTINCT employee_location from employee;</p>\r\n', 2, 1),
(24, 'What''s singleton class ?', '<p>In object-oriented programming, a singleton class is a class that can have only one object (an instance of the class) at a time.</p>\r\n', 1, 2),
(25, 'What are the basics concepts of OOP?', '<ol>\r\n	<li>Inheritance</li>\r\n	<li>Abstraction</li>\r\n	<li>Polymorphism</li>\r\n	<li>Encapsulation</li>\r\n</ol>\r\n', 1, 1),
(26, 'What is Abstraction?', '<p>bstraction is separating the functions and properties that logically can be separated to a separate entity.<br />\r\nAbstraction in Object Oriented Programming helps to hide the irrelevant details of an object.</p>\r\n', 1, 1),
(27, 'Define Encapsulation?', '<p>Process of hiding all internal details of an object from out side the world.Encapsulation is a language mechanism to restrict the access of the Objects components to other Objects or Classes.&nbsp;</p>\r\n', 1, 1),
(28, 'What is Inheritance ?', '<p>In object-oriented programming (OOP), inheritance is a way to reuse code of existing objects.<br />\r\nA class can inherit attributes and behavior from pre-existing class called base classes, superclasses, or parent classes. The resulting class is known as derived classes, subclasses, or child classes.</p>\r\n', 1, 1),
(29, 'What is Polymorphism ?', '<p>The occurrence of something in different forms. In object-oriented programming, polymorphism refers to a programming language&#39;s ability to process objects differently depending on their data type or class. More specifically, it is the ability to redefine methods for derived classes.</p>\r\n', 1, 1),
(30, 'What is Overloading ?', '<p>Overloading is one type of polymorphism. Overloading allows an object to have different meanings depending on its context. The term is used most often in reference to operators that can behave differently depending on the data type, or class, of the operands.</p>\r\n', 1, 1),
(31, 'Differenciate method overriding and overloading ?', '<p>Method overloading deals with the notion of having two or more methods(functions) in the same class with the same name but different arguments.<br />\r\n<br />\r\nWhile Method overriding means having two methods with the same arguments, but different implementation. One of them would exist in the Parent class (Base Class) while another will be in the derived class(Child Class).@Override annotation is required for this.</p>\r\n', 1, 1),
(32, 'Whatâ€™s an interface ?', '<p>an interface is a reference type, similar to a class, that can contain only constants, method signatures, and nested types.&nbsp;<br />\r\nThere are no method bodies. Interfaces cannot be instantiated&mdash;they can only be implemented by classes or extended by other interfaces.&nbsp;</p>\r\n', 1, 2),
(33, 'What is an Abstract class ?', '<p>Abstract classes in Java are classes which cannot be instantiated, meaning you cannot create new instances of an abstract class.&nbsp;<br />\r\nThe purpose of an abstract class is to function as a base for subclasses.<br />\r\nYou can declare that a class is abstract by adding the&nbsp;abstract&nbsp;keyword to the class declaration.&nbsp;</p>\r\n', 1, 2),
(34, 'What are Abstract methods ? ', '<p>An abstract class can have abstract methods. You declare a method abstract by adding the&nbsp;abstractkeyword in front of the method declaration.&nbsp;</p>\r\n\r\n<ul>\r\n	<li>Adbtract method do not have implementation.</li>\r\n	<li>Abstract method should be implemented in the sub class which inherit them.</li>\r\n</ul>\r\n', 1, 2),
(35, 'Whatâ€™s the difference between ''Abstract'' classes and ''Interfaces'' ? ', '<p>1) Absract Class can only be inherited, while interface cannot be. Interface has to be implemented.&nbsp;<br />\r\n2) Abstract class can have implementation ,where as interface cannot implement methods.</p>\r\n', 1, 2),
(36, 'What is a constructor?', '<p>A constructor is a special method that is used to initialize a newly created object.<br />\r\nThe name of the constructor will be same as the class name. Constructor don&#39;t have a return type.</p>\r\n', 1, 1),
(37, 'Whatâ€™s the difference between a cookie and a session in PHP?', '<p>HP sessions improve upon cookies because they allow web applications to store and retrieve more information than cookies. PHP sessions actually use cookies, but they add more functionality and security.</p>\r\n\r\n<p>Sessions store data on the server, not on the browser like cookies</p>\r\n\r\n<p>The main difference between a session and a cookie is that session data is stored on the server, whereas cookies store data in the visitor&rsquo;s browser. Sessions use a session identifier to locate a particular user&rsquo;s session data. This session identifier is normally stored in the user&rsquo;s web browser in a cookie, but the sensitive data that needs to be more secure &mdash; like the user&rsquo;s ID, name, etc. &mdash; will always stay on the server.</p>\r\n\r\n<p>Sessions are more secure than cookies</p>\r\n\r\n<p>So, why exactly should we use sessions when cookies work just fine? Well, as we already mentioned, sessions are more secure because the relevant information is stored on the server and not sent back and forth between the client and server. The second reason is that some users either turn off cookies or reject them. In that scenario, sessions, while designed to work with a cookie, can actually work without cookies as a workaround,</p>\r\n', 3, 2),
(38, 'What is the difference between include and require?', '<p>Require() and include() are the same with respect to handling failures. However, require() results in a fatal error and does not allow the processing of the page. i.e. include will allow the script to continue.</p>\r\n', 3, 1),
(39, 'Explain the differences between require and include, include_once?', '<p>Include() will include the file specified.</p>\r\n\r\n<p>Include_once() will include the file only once even if the code of the file has been included before.</p>\r\n\r\n<p>Require() and include() are the same with respect to handling failures. However, require() results in a fatal error and does not allow the processing of the page.</p>\r\n', 3, 1),
(40, 'What is Heredoc?', '<p>PHP heredoc syntax allows creating multiple lines of string without using quotations.</p>\r\n\r\n<p>Example: Here, the heredoc starts with &lt;&lt;&lt; operator and the multiple lines are followed. &lt;&lt;&lt;identifier_name is used as an identifier making the start of heredoc. To end the heredoc, the identifier is written again.</p>\r\n\r\n<p>&lt;?php<br />\r\n$str = &lt;&lt;&lt;Sample<br />\r\nThis is a sample string<br />\r\nA sample string<br />\r\nSample;<br />\r\nEcho $str;<br />\r\n?&gt;</p>\r\n', 3, 1),
(41, 'What are super global arrays?', '<p>$_GLOBAL: References all variables available in global scope</p>\r\n\r\n<p>$_GET &mdash; HTTP GET variables</p>\r\n\r\n<p>$_POST &mdash; HTTP POST variables</p>\r\n\r\n<p>$_SESSION &mdash; Session variables</p>\r\n\r\n<p>$_REQUEST &mdash; HTTP Request variables</p>\r\n\r\n<p>$_COOKIE</p>\r\n\r\n<p>$_SERVER</p>\r\n\r\n<p>$_FILE</p>\r\n\r\n<p>$_ENV</p>\r\n', 3, 2),
(42, 'Difference between GET & POST?', '<p>There are some defference between GET and POST method<br />\r\n1. GET Method have some limit like only 2Kb data able to send for request<br />\r\nBut in POST method unlimited data can we send<br />\r\n2. when we use GET method requested data show in url but<br />\r\nNot in POST method so POST method is good for send sensetive request</p>\r\n', 3, 1),
(43, 'What is an operating system?', '<p>An operating system is a program that acts as an intermediary between the user and the computer hardware. The purpose of an OS is to provide a convenient environment in which user can execute programs in a convenient and efficient manner.</p>\r\n', 6, 1),
(44, ' What are the basic functions of an operating system?', '<p>Operating system controls and coordinates the use of the hardware among the various applications programs for various uses. Operating system acts as resource allocator and manager. Also operating system is control program which controls the user programs to prevent errors and improper use of the computer. It is especially concerned with the operation and control of I/O devices.</p>\r\n', 6, 1),
(45, ' What is kernel? ', '<p>Kernel is the core and essential part of computer operating system that provides basic services for all parts of OS.</p>\r\n', 6, 1),
(46, ' What is dead lock?', '<p>Deadlock is a situation or condition where the two processes are waiting for each other to complete so that they can start. This result both the processes to hang.</p>\r\n', 6, 1),
(47, 'What is a process?', '<p>A program in execution is called a process.</p>\r\n\r\n<p>Processes are of two types:<br />\r\n1. Operating system processes<br />\r\n2. User processes</p>\r\n', 6, 1),
(48, 'What is starvation ?', '<p>Starvation is Resource management problem where a process does not get the resources it needs for a long time because the resources are being allocated to other processes.</p>\r\n', 6, 2),
(49, 'How can we know the total number of elements of Array?', '<p>sizeof($array_var)<br />\r\ncount($array_var)</p>\r\n', 3, 1),
(50, 'List out the predefined classes in PHP?', '<p>Directory<br />\r\nstdClass<br />\r\n__PHP_Incomplete_Class<br />\r\nexception<br />\r\nphp_user_filter</p>\r\n', 3, 3),
(51, ' What is the difference between explode and split?', '<p>Split function splits string into array by regular expression. Explode splits a string into array by string.<br />\r\nFor Example:explode(&quot; and&quot;, &quot;India and Pakistan and Srilanka&quot;);<br />\r\n&nbsp;split(&quot; :&quot;, &quot;India : Pakistan : Srilanka&quot;);<br />\r\nBoth of these functions will return an array that contains India, Pakistan, and Srilanka.</p>\r\n', 3, 2),
(52, 'How do you define a constant?', '<p><span style="color:rgb(68, 88, 100); font-family:arial,helvetica,sans-serif; font-size:12px">Constants in PHP are defined using define() directive, like define(&quot;MYCONSTANT&quot;, 100);</span><br />\r\n&nbsp;</p>\r\n', 3, 1),
(53, 'Differentiate between Complier and Interpreter?', '<p>An interpreter reads one instruction at a time and carries out the actions implied by that instruction. It does not perform any translation. But a compiler translates the entire instructions</p>\r\n', 5, 1),
(54, 'What is an aggregate function?', '<p>Aggregate functions are used to evaluate mathematical calculation and return single values. This can be calculated from the columns in a table. Scalar functions return a single value based on the input value.</p>\r\n', 2, 1),
(55, 'What is a relationship and what are they?', '<p>Database Relationship is defined as the connection between the tables in a database. There are various data basing relationships, and they are as follows:.</p>\r\n\r\n<p>One to One Relationship.<br />\r\nOne to Many Relationship.<br />\r\nMany to One Relationship.</p>\r\n', 2, 1),
(56, 'What is collation?', '<p>Collation is defined as set of rules that determine how character data can be sorted and compared. This can be used to compare A and, other language characters and also depends on the width of the characters.</p>\r\n', 2, 3),
(57, 'What are operators used in query for pattern matching?', '<p>LIKE operator is used for pattern matching, and it can be used as -.</p>\r\n\r\n<p>% &ndash; Matches zero or more characters.<br />\r\n_(Underscore) &ndash; Matching exactly one character.</p>\r\n', 2, 1),
(58, 'How the result set of Mysql be handled in PHP?', '<p>The result set can be handled using mysql_fetch_array, mysql_fetch_assoc, mysql_fetch_object or mysql_fetch_row.</p>\r\n', 3, 1),
(59, 'How is it possible to know the number of rows returned in result set?', '<p>The function mysql_num_rows() returns the number of rows in a result set.</p>\r\n', 3, 1),
(60, 'Which function gives us the number of affected entries by a query?', '<p>mysql_affected_rows() return the number of entries affected by an SQL query.</p>\r\n', 3, 1),
(61, 'What is the difference between mysql_fetch_object() and mysql_fetch_array()?', '<p>The mysql_fetch_object() function collects the first single matching record where mysql_fetch_array() collects all matching records from the table in an array.</p>\r\n', 3, 1),
(62, 'What''s the difference between ''isset'' and ''!empty'' in php?', '<p>ISSET&nbsp;checks the variable to see if it has been set, in other words, it checks to see if the variable is any value except NULL or not assigned a value.&nbsp;ISSET&nbsp;returns&nbsp;TRUE&nbsp;if the variable exists and has a value other than NULL. That means variables assigned a &quot; &quot;, 0, &quot;0&quot;, or FALSE are set, and therefore are&nbsp;TRUE&nbsp;for&nbsp;ISSET.</p>\r\n\r\n<p>EMPTY&nbsp;checks to see if a variable is empty. Empty is interpreted as: &quot; &quot; (an empty string), 0&nbsp;(0 as an integer),&nbsp;0.0 (0 as a float), &quot;0&quot;&nbsp;(0 as a string), NULL, FALSE, array() (an empty array), and &quot;$var;&quot; (a variable declared, but without a value in a class.</p>\r\n', 3, 1),
(63, 'What are the layers of the OSI reference model?', '<p>There are 7 OSI layers: Physical Layer, Data Link Layer, Network Layer, Transport Layer, Session Layer, Presentation Layer and Application Layer.</p>\r\n\r\n<p><img alt="" src="/upload/images/OSI.GIF" style="height:577px; width:312px" /></p>\r\n', 7, 1),
(64, 'What is SS7?', '<p>&nbsp;A global standard for telecommunications for channel signaling.&nbsp;<br />\r\n<br />\r\n- The Common Channel Signaling System (SS7 / C7) standard defines various procedures and protocols for Public Switch Switched Telephone Network to exchange information over digital signaling network.<br />\r\n<br />\r\n- Providing call control, remote network management is the primary functions of SS7.<br />\r\n<br />\r\n- Controlling messages are exchanged between SS7 telephone exchanges through SS7.<br />\r\n<br />\r\n- The messages are transformed from Signaling Points and SS7 Signaling Transfer Points.</p>\r\n', 8, 1),
(65, 'Differentiate between GSM and CDMA', '<p><strong>GSM</strong><br />\r\n<br />\r\n- GSM uses multiple frequencies.<br />\r\n<br />\r\n- Uses TDMA and FDMA for accessing signals.<br />\r\n<br />\r\n- The voice rate is 9.6 KBPS.<br />\r\n<br />\r\n- Uses less bandwidth.<br />\r\n<br />\r\n<strong>CDMA</strong><br />\r\n<br />\r\n- CDMA uses single frequency as carrier.<br />\r\n<br />\r\n- The voice rate is 14.4 KBPS.<br />\r\n<br />\r\n- CDMA power control to access method is better as Phased Locked Loops are used.<br />\r\n<br />\r\n- Follows soft handoff, hence call handling is more efficient.</p>\r\n', 8, 1),
(66, 'What are the reasons for call drop?', '<p>A call drop occurs when<br />\r\n<br />\r\n- Slips occur in media.<br />\r\n<br />\r\n- There is some antenna tilting.<br />\r\n<br />\r\n- Phone goes out of range.<br />\r\n<br />\r\n- Electric and mechanic tilts occur.<br />\r\n<br />\r\n- Signal interference occurs.</p>\r\n', 8, 1),
(67, 'Explain about Voice Over Internet Protocol?', '<p>- VOIP is also known as broadband telephony.<br />\r\n<br />\r\n- VOIP is to route the voice conversations over the internet.<br />\r\n<br />\r\n- VOIP services convert telephonic signals into digital signals.<br />\r\n<br />\r\n- Voice traffic is transmitted over Internet Protocol based networks.<br />\r\n<br />\r\n- VOIP deploys a protocol known as session control protocol for controlling the set-up and tear-down of calls as well as audio codecs.</p>\r\n', 8, 1),
(68, 'What are the advantages of VOIP?', '<p>- Call costs are cheaper than traditional telephone land line calls.<br />\r\n<br />\r\n- Upgrading is simple.<br />\r\n<br />\r\n- Can be integrated with existing telephone connection.<br />\r\n<br />\r\n- Calls are free with VOIP PC-to-PC, irrespective of distance.<br />\r\n<br />\r\n- Virtual number enables to make calls across the globe.<br />\r\n<br />\r\n- Any number of geographical areas can be purchased, that works very cheap.<br />\r\n<br />\r\n- Messaging is also possible with VOIP phone.</p>\r\n', 8, 1),
(69, 'What is broadband?', '<p>- Broadband is an internet access with high speed.<br />\r\n<br />\r\n- Unlike dial-up connection, broadband connection is permanently connected.<br />\r\n<br />\r\n- It allows internet and telephone calls to take place simultaneously. No new land line is required.<br />\r\n<br />\r\n- Modulation is done in broadband on signals to transform data better.</p>\r\n', 8, 1),
(70, 'What equipment is needed for VOIP?', '<p>Following are the equipment that is needed for VOIP.<br />\r\n<br />\r\n- A Broadband connection.<br />\r\n<br />\r\n- VOIP enabled telephones.<br />\r\n<br />\r\n- Nexton Soft Switches<br />\r\n<br />\r\n- A Router<br />\r\n<br />\r\n- An Audiocodec<br />\r\n<br />\r\n- An Astric server<br />\r\n<br />\r\n- A dial-up connection can also be used for VOIP</p>\r\n', 8, 1),
(71, 'What is the command that can be used to rename a file in Linux.?', '<p>The&nbsp;mv&nbsp;command is used to rename a file in Linux. For example,&nbsp;mv /path_to_File/original_file_name.extension /Path_to_File/New_name.extension.</p>\r\n', 4, 1),
(72, 'What is the basic difference between UNIX and Linux Operating System', '<p>Linux Operating System is Free and Open Source Software, the kernel of which is created by Linus Torvalds and community. Well you can not say UNIX Operating System doesn&rsquo;t comes under the category of Free and Open Source Software, BSD, is a variant of UNIX which comes under the category of FOSS. Moreover Big companies like Apple, IBM, Oracle, HP, etc. are contributing to UNIX Kernel.</p>\r\n', 5, 1),
(73, 'What is the difference between a stack and a Queue? ', '<p><strong>Stack</strong> &ndash;&nbsp;Represents the collection of elements in Last In First Out order.&nbsp;<br />\r\nOperations includes testing null stack, finding the top element in the stack, removal of top most element and adding elements on the top of the stack.</p>\r\n\r\n<p><strong>Queue</strong> -&nbsp;Represents the collection of elements in First In First Out order.<br />\r\nOperations include testing null queue, finding the next element, removal of elements and inserting the elements from the queue.&nbsp;<br />\r\nInsertion of elements is at the end of the queue<br />\r\nDeletion of elements is from the beginning of the queue.&nbsp;</p>\r\n', 9, 1),
(74, 'What is the recursion?', '<p>Recursion is an approach in which a function calls itself with an argument. Upon reaching a termination condition, the control returns to the calling function.</p>\r\n', 9, 1),
(75, 'Summation of numbers from 1 to 1000?', '<p>sum = n(n+1)/2</p>\r\n', 5, 1),
(76, 'What is a LAN?', '<p>LAN is short for Local Area Network. It refers to the connection between computers and other network devices that are located within a small physical location.</p>\r\n', 7, 1),
(77, 'What is WAN?', '<p>WAN stands for Wide Area Network. It is an interconnection of computers and devices that are geographically dispersed. It connects networks that are located in different regions and countries.</p>\r\n', 7, 1),
(78, 'What are MAC addresses?', '<p>MAC, or Media Access Control, uniquely identifies a device on the network. It is also known as physical address or Ethernet address. A MAC address is made up of 6-byte parts.</p>\r\n', 7, 1),
(79, 'What is DHCP?', '<p>DHCP is short for Dynamic Host Configuration Protocol. Its main task is to automatically assign an IP address to devices across the network. It first checks for the next available address not yet taken by any device, then assigns this to a network device.</p>\r\n', 7, 1),
(80, 'What is DNS?', '<p>DNS is Domain Name System. The main function of this network service is to provide host names to TCP/IP address resolution.</p>\r\n', 7, 1),
(81, 'What is SMTP?', '<p>SMTP is short for Simple Mail Transfer Protocol. This protocol deals with all Internal mail, and provides the necessary mail delivery services on the TCP/IP protocol stack.</p>\r\n', 7, 1),
(82, 'How can I display text with a PHP script?', '<ul>\r\n	<li>echo</li>\r\n	<li>print</li>\r\n</ul>\r\n', 3, 1),
(83, 'What is the main difference between PHP 4 and PHP 5?', '<p>PHP 5 presents many additional OOP (Object Oriented Programming) features.</p>\r\n', 3, 1),
(84, 'What is a daemon?', '<p>Daemon is a program that runs in the background without user&rsquo;s interaction. A daemon runs in a multitasking operating system like UNIX. A daemon is initiated and controlled by special programs known as &lsquo;processes&rsquo;.</p>\r\n\r\n<p>&nbsp;</p>\r\n', 6, 1);

-- --------------------------------------------------------

--
-- Table structure for table `admissionQuestionLevel`
--

DROP TABLE IF EXISTS `admissionQuestionLevel`;
CREATE TABLE IF NOT EXISTS `admissionQuestionLevel` (
  `id` mediumint(8) NOT NULL AUTO_INCREMENT,
  `name` varchar(50) CHARACTER SET utf8 NOT NULL,
  PRIMARY KEY (`id`)
) ENGINE=InnoDB  DEFAULT CHARSET=ucs2 AUTO_INCREMENT=4 ;

--
-- Dumping data for table `admissionQuestionLevel`
--

INSERT INTO `admissionQuestionLevel` (`id`, `name`) VALUES
(1, 'Beginner'),
(2, 'Intermediate'),
(3, 'Advanced');

-- --------------------------------------------------------

--
-- Table structure for table `album`
--

DROP TABLE IF EXISTS `album`;
CREATE TABLE IF NOT EXISTS `album` (
  `id` int(11) NOT NULL AUTO_INCREMENT,
  `title` varchar(255) NOT NULL,
  `system` tinyint(4) NOT NULL,
  `date` date DEFAULT NULL,
  `place` varchar(100) DEFAULT NULL,
  PRIMARY KEY (`id`)
) ENGINE=InnoDB  DEFAULT CHARSET=latin1 AUTO_INCREMENT=6 ;

--
-- Dumping data for table `album`
--

INSERT INTO `album` (`id`, `title`, `system`, `date`, `place`) VALUES
(1, 'Main Slider', 1, '2015-05-09', 'ITI'),
(2, 'Services', 1, NULL, NULL),
(3, 'Technologies', 1, NULL, NULL),
(4, 'ITI Alex Outing', 0, '2015-04-20', 'Alexandria'),
(5, 'Madrid Visit', 0, NULL, NULL);

-- --------------------------------------------------------

--
-- Table structure for table `attendance`
--

DROP TABLE IF EXISTS `attendance`;
CREATE TABLE IF NOT EXISTS `attendance` (
  `id` int(11) NOT NULL AUTO_INCREMENT,
  `date` date NOT NULL,
  `userId` int(11) NOT NULL,
  `ruleId` int(11) NOT NULL,
  `note` text NOT NULL,
  PRIMARY KEY (`id`)
) ENGINE=InnoDB DEFAULT CHARSET=latin1 AUTO_INCREMENT=1 ;

-- --------------------------------------------------------

--
-- Table structure for table `attendanceRule`
--

DROP TABLE IF EXISTS `attendanceRule`;
CREATE TABLE IF NOT EXISTS `attendanceRule` (
  `id` int(11) NOT NULL AUTO_INCREMENT,
  `type` varchar(50) NOT NULL,
  `maximum` int(11) NOT NULL,
  `deduction` int(11) NOT NULL,
  PRIMARY KEY (`id`)
) ENGINE=InnoDB  DEFAULT CHARSET=latin1 AUTO_INCREMENT=5 ;

--
-- Dumping data for table `attendanceRule`
--

INSERT INTO `attendanceRule` (`id`, `type`, `maximum`, `deduction`) VALUES
(1, 'in time', 1000, 0),
(2, 'Absent', 10, 10),
(3, 'Absent Permession', 5, 5),
(4, 'Late', 10, 5);

-- --------------------------------------------------------

--
-- Table structure for table `branch`
--

DROP TABLE IF EXISTS `branch`;
CREATE TABLE IF NOT EXISTS `branch` (
  `id` smallint(6) NOT NULL AUTO_INCREMENT,
  `name` varchar(100) NOT NULL,
  PRIMARY KEY (`id`)
) ENGINE=InnoDB  DEFAULT CHARSET=latin1 AUTO_INCREMENT=2 ;

--
-- Dumping data for table `branch`
--

INSERT INTO `branch` (`id`, `name`) VALUES
(1, 'Smart Village');

-- --------------------------------------------------------

--
-- Table structure for table `contact_category`
--

DROP TABLE IF EXISTS `contact_category`;
CREATE TABLE IF NOT EXISTS `contact_category` (
  `cat_id` int(10) unsigned NOT NULL AUTO_INCREMENT COMMENT 'message_category',
  `cat_name` varchar(50) NOT NULL COMMENT 'category_name',
  PRIMARY KEY (`cat_id`)
) ENGINE=InnoDB  DEFAULT CHARSET=ucs2 AUTO_INCREMENT=3 ;

--
-- Dumping data for table `contact_category`
--

INSERT INTO `contact_category` (`cat_id`, `cat_name`) VALUES
(1, 'Ask a question'),
(2, 'Leave a comment');

-- --------------------------------------------------------

--
-- Table structure for table `event`
--

DROP TABLE IF EXISTS `event`;
CREATE TABLE IF NOT EXISTS `event` (
  `id` int(11) NOT NULL AUTO_INCREMENT,
  `title` varchar(100) CHARACTER SET utf8 NOT NULL,
  `description` text CHARACTER SET utf8 NOT NULL,
  `fromDate` datetime NOT NULL,
  `toDate` datetime NOT NULL,
  `place` varchar(100) CHARACTER SET utf8 DEFAULT NULL,
  `createdBy` mediumint(8) unsigned NOT NULL,
  PRIMARY KEY (`id`)
) ENGINE=InnoDB  DEFAULT CHARSET=latin1 AUTO_INCREMENT=9 ;

--
-- Dumping data for table `event`
--

INSERT INTO `event` (`id`, `title`, `description`, `fromDate`, `toDate`, `place`, `createdBy`) VALUES
(1, 'New Event', '<p><img alt="" src="/upload/images/EDU_OSDC_IntroOS_520x292_FINAL.png" style="float:right; height:112px; margin:10px; width:200px" />Test &nbsp;Test &nbsp;Test &nbsp;Test &nbsp;Test &nbsp;Test &nbsp;Test &nbsp;Test &nbsp;Test &nbsp;Test &nbsp;Test &nbsp;Test &nbsp;Test &nbsp;Test &nbsp;Test &nbsp;Test &nbsp;Test &nbsp;Test &nbsp;Test &nbsp;Test &nbsp;Test &nbsp;Test &nbsp;Test &nbsp;Test &nbsp;Test &nbsp;Test &nbsp;Test &nbsp;Test &nbsp;Test &nbsp;Test &nbsp;Test &nbsp;Test &nbsp;</p>\r\n', '2014-02-23 02:13:00', '2014-02-23 02:14:04', 'Information Technology Institute - Room 2009', 1),
(2, '2nd Annual Global Game Jam', '<p><span style="color:rgb(90, 90, 90); font-family:verdana,arial,helvetica,sans-serif; font-size:12px">System Development and Gaming center of Excellence is proud to launch the 2</span><sup>nd</sup><span style="color:rgb(90, 90, 90); font-family:verdana,arial,helvetica,sans-serif; font-size:12px">&nbsp;Annual Egypt Game Jam on the 24</span><sup>th</sup><span style="color:rgb(90, 90, 90); font-family:verdana,arial,helvetica,sans-serif; font-size:12px">&nbsp;of January at the ITI premises at the Smart Village.&nbsp;<img alt="" src="/upload/images/gamejam.jpg" style="float:right; height:120px; width:170px" /></span><br />\r\n<span style="color:rgb(90, 90, 90); font-family:verdana,arial,helvetica,sans-serif; font-size:12px">The event is a part of the sixth Global Game Jam which is held over 487 sites in various countries all over the world, where jammers gather on Friday the 24</span><sup>th</sup><span style="color:rgb(90, 90, 90); font-family:verdana,arial,helvetica,sans-serif; font-size:12px">&nbsp;and deliver their games on Sunday the 27</span><sup>th</sup><span style="color:rgb(90, 90, 90); font-family:verdana,arial,helvetica,sans-serif; font-size:12px">.</span><br />\r\n<span style="color:rgb(90, 90, 90); font-family:verdana,arial,helvetica,sans-serif; font-size:12px">The Number registers to ITI-Egypt Game Jam site has exceeded 480 Jammers. The program includes Keynote speeches from both international and local organizers , mini technology oriented and business oriented sessions and a lot more , check the Agenda here ( Link for the Agenda )&nbsp;</span><br />\r\n<span style="color:rgb(90, 90, 90); font-family:verdana,arial,helvetica,sans-serif; font-size:12px">The 2</span><sup>nd</sup><span style="color:rgb(90, 90, 90); font-family:verdana,arial,helvetica,sans-serif; font-size:12px">&nbsp;Annual Egypt Game Jam includes free transportation and coffee breaks , in addition to valuable prizes offered by the wide range of sponsors engaged in the event (Samsung , Microsoft , Nokia , Construct 2 , V-play and more ) , the prizes vary from smart devices to free software licenses .</span><br />\r\n<br />\r\n<span style="color:rgb(90, 90, 90); font-family:verdana,arial,helvetica,sans-serif; font-size:12px">Aside from the creativity, knowledge transfer and fun, the event will also include number of startup businesses in the field of Game Development who will participate in the Launching meeting for IGDA official Egypt chapter (IGDA EGYPT).</span><br />\r\n<br />\r\n<span style="color:rgb(90, 90, 90); font-family:verdana,arial,helvetica,sans-serif; font-size:12px">Registration at the ITI premises should start at 1 pm on Friday the 24</span><sup>th</sup><span style="color:rgb(90, 90, 90); font-family:verdana,arial,helvetica,sans-serif; font-size:12px">, and the day should include team forming, theme exposure, figuring out the games ideas, and registering teams on the Global Game Jam website. Saturday will be an implementation day , and on Sunday the finalized games will be uploaded on the Global Game Jam Server , presented to the 2</span><sup>nd</sup><span style="color:rgb(90, 90, 90); font-family:verdana,arial,helvetica,sans-serif; font-size:12px">Annual Global Game Jam Jury , and winners announced .</span><a href="http://www.iti.gov.eg/Portals/0/Images/content/about-us/2nd%20Annual%20Egypt%20Game%20Jam%20Agenda.png" style="box-sizing: border-box; font-size: 12px; margin: 0px; padding: 0px; border: 0px; outline: 0px; line-height: 19px; text-decoration: none; color: rgb(57, 194, 223); font-family: Verdana, Arial, Helvetica, sans-serif;" target="_blank">View Agenda</a><span style="color:rgb(90, 90, 90); font-family:verdana,arial,helvetica,sans-serif; font-size:12px">&nbsp;</span></p>\r\n\r\n<p>For more information please go to&nbsp;<a href="http://www.egyptgamejam.com/" style="box-sizing: border-box; background-color: transparent; font-size: 12px; margin: 0px; padding: 0px; border: 0px; outline: 0px; line-height: 19px; text-decoration: none; color: rgb(57, 194, 223); background-position: initial initial; background-repeat: initial initial;" target="_blank">www.egyptgamejam.com</a>,&nbsp;<br />\r\n<a href="http://www.facebook.com/egyptian.gaming.community" style="box-sizing: border-box; background-color: transparent; font-size: 12px; margin: 0px; padding: 0px; border: 0px; outline: 0px; line-height: 19px; text-decoration: none; color: rgb(57, 194, 223); background-position: initial initial; background-repeat: initial initial;" target="_blank">www.facebook.com/egyptian.gaming.community</a></p>\r\n', '2014-02-10 09:45:00', '2014-02-24 19:09:14', 'ITI', 1),
(4, 'Year-in-Review: Open Government', '<p>kjhhj</p>\r\n', '2014-02-08 18:50:00', '2014-02-11 18:25:23', 'Information Technology Institute - Room 2009', 1),
(5, 'Hacking computer science education at Khan Academy', '<p>dddddddd</p>\r\n', '2014-01-18 14:50:00', '2014-01-20 09:45:43', 'dddddddd', 1),
(6, 'News Title 3', '<p>assss</p>\r\n', '2014-01-22 12:25:00', '2014-01-23 18:50:39', 'Information Technology Institute - Room 2009', 1),
(7, 'Year-in-Review: Open Government', '<p><span style="color:rgb(90, 90, 90); font-family:verdana,arial,helvetica,sans-serif; font-size:12px">System Development and Gaming center of Excellence is proud to launch the 2</span><sup>nd</sup><span style="color:rgb(90, 90, 90); font-family:verdana,arial,helvetica,sans-serif; font-size:12px">&nbsp;Annual Egypt Game Jam on the 24</span><sup>th</sup><span style="color:rgb(90, 90, 90); font-family:verdana,arial,helvetica,sans-serif; font-size:12px">&nbsp;of January at the ITI premises at the Smart Village.&nbsp;<img alt="" src="/upload/images/gamejam.jpg" style="float:right; height:120px; width:170px" /></span><br />\r\n<span style="color:rgb(90, 90, 90); font-family:verdana,arial,helvetica,sans-serif; font-size:12px">The event is a part of the sixth Global Game Jam which is held over 487 sites in various countries all over the world, where jammers gather on Friday the 24</span><sup>th</sup><span style="color:rgb(90, 90, 90); font-family:verdana,arial,helvetica,sans-serif; font-size:12px">&nbsp;and deliver their games on Sunday the 27</span><sup>th</sup><span style="color:rgb(90, 90, 90); font-family:verdana,arial,helvetica,sans-serif; font-size:12px">.</span><br />\r\n<span style="color:rgb(90, 90, 90); font-family:verdana,arial,helvetica,sans-serif; font-size:12px">The Number registers to ITI-Egypt Game Jam site has exceeded 480 Jammers. The program includes Keynote speeches from both international and local organizers , mini technology oriented and business oriented sessions and a lot more , check the Agenda here ( Link for the Agenda )&nbsp;</span></p>\r\n', '2014-02-24 18:39:00', '2014-02-27 18:50:34', 'Information Technology Institute - Room 2009', 1),
(8, 'Mobile Developer Weekend', '<p>Information Technology Institute (ITI) is thrilled to invite you to attend the most exciting event of the year, the &ldquo;Mobile Developer Weekend&rdquo; under the authentication of his excellence Minister of Communications and Information Technology Atef Helmy. The event runs on March 13-15, 2014, from 9 AM to 4 PM, Information Technology Institute, Smart Village &ndash; Egypt.</p>\r\n\r\n<p><img src="http://iti.gov.eg/Portals/0/Images/home/slideshow/small/mob4.png" /></p>\r\n', '2014-03-13 09:00:00', '2014-03-15 16:00:22', 'Information Technology Institute', 1);

-- --------------------------------------------------------

--
-- Table structure for table `graduate`
--

DROP TABLE IF EXISTS `graduate`;
CREATE TABLE IF NOT EXISTS `graduate` (
  `user_id` mediumint(8) unsigned NOT NULL,
  `job` varchar(20) NOT NULL,
  `track_id` int(10) unsigned DEFAULT NULL,
  `intake` int(11) NOT NULL,
  PRIMARY KEY (`user_id`),
  KEY `track` (`track_id`)
) ENGINE=InnoDB DEFAULT CHARSET=utf8;

--
-- Dumping data for table `graduate`
--

INSERT INTO `graduate` (`user_id`, `job`, `track_id`, `intake`) VALUES
(1, 'Student sss', 1, 14),
(2, 'Student sss', 1, 14),
(3, 'Srudent', 1, 34),
(4, 'Student', 1, 34),
(5, 'Student', 1, 34),
(6, 'Student', 1, 34),
(7, 'Student', 1, 34),
(8, 'Student', 1, 34),
(9, 'Student', 1, 34),
(10, 'Student', 1, 34),
(11, 'Student', 1, 34);

-- --------------------------------------------------------

--
-- Table structure for table `image`
--

DROP TABLE IF EXISTS `image`;
CREATE TABLE IF NOT EXISTS `image` (
  `id` int(11) NOT NULL AUTO_INCREMENT,
  `name` varchar(255) NOT NULL,
  `title` varchar(255) DEFAULT NULL,
  `description` text,
  `url` text,
  `albumId` int(11) NOT NULL,
  `albumCover` tinyint(1) DEFAULT '0',
  PRIMARY KEY (`id`),
  KEY `albumId` (`albumId`)
) ENGINE=InnoDB  DEFAULT CHARSET=latin1 AUTO_INCREMENT=53 ;

--
-- Dumping data for table `image`
--

INSERT INTO `image` (`id`, `name`, `title`, `description`, `url`, `albumId`, `albumCover`) VALUES
(1, '1431244348-job.jpg', 'Find a Job!', '<p>Cras justo odio, dapibus ac facilisis in, egestas eget quam. Donec id elit non mi porta gravida at eget metus. Nullam id dolor id nibh ultricies vehicula ut id elit.</p>\r\n', 'job/list', 1, 0),
(2, '1431251662-course.jpg', 'Courses Portal', '<p>Cras justo odio, dapibus ac facilisis in, egestas eget quam. Donec id elit non mi porta gravida at eget metus. Nullam id dolor id nibh ultricies vehicula ut id elit</p>\r\n', 'lms/', 1, 0),
(3, '1431252613-project.jpg', 'Projects Codebase!', '<p><strong>Cras justo odio, dapibus ac facilisis in, egestas eget quam. Donec id elit non mi porta gravida at eget metus. Nullam id dolor id nibh ultricies vehicula ut id elit</strong></p>\r\n', 'project/list', 1, 1),
(4, '1431252680-graduates.jpg', 'Meet our Graduates!', '<p><strong>Cras justo odio, dapibus ac facilisis in, egestas eget quam. Donec id elit non mi porta gravida at eget metus. Nullam id dolor id nibh ultricies vehicula ut id elit.</strong></p>\r\n', '/graduate/list', 1, 0),
(13, '1431253290-training.jpg', 'Training', '<p>Cras justo odio, dapibus ac facilisis in, egestas eget quam. Donec id elit non mi porta gravida at eget metus. Nullam id dolor id nibh ultricies vehicula ut id elit.</p>\r\n', 'page/view/id/1', 2, 0),
(14, '1431253290-development.jpg', 'Development', '<p>Cras justo odio, dapibus ac facilisis in, egestas eget quam. Donec id elit non mi porta gravida at eget metus. Nullam id dolor id nibh ultricies vehicula ut id elit.</p>', '#', 2, 0),
(15, '1431253290-consultancy.jpg', 'Consultancy', '<p>Cras justo odio, dapibus ac facilisis in, egestas eget quam. Donec id elit non mi porta gravida at eget metus. Nullam id dolor id nibh ultricies vehicula ut id elit.</p>', '#', 2, 0),
(16, '1431603440-html5.png', '', '', '', 3, 0),
(17, '1431603440-ubuntu.png', '', '', '', 3, 0),
(18, '1431603440-redhat.png', '', '', 'http://www.redhat.com/', 3, 0),
(19, '1431603440-bootstrap.png', '', '', '', 3, 0),
(20, '1431603440-zf.png', '', '', '', 3, 0),
(21, '1431603440-android.png', '', '', '', 3, 0),
(22, '1431603440-python.png', '', '', '', 3, 0),
(23, '1431603440-django.png', '', '', '', 3, 0),
(24, '1431603440-mysql.png', '', '', '', 3, 0),
(25, '1431603440-php.png', '', '', '', 3, 1),
(26, '1431603440-ruby.png', '', '', '', 3, 0),
(27, '1431603440-jquery.png', '', '', '', 3, 0),
(28, '1431603440-openerp.png', '', '', '', 3, 0),
(29, '1431603440-postgres.png', '', '', '', 3, 0),
(30, '1431603440-java.png', '', '', '', 3, 0),
(31, '1431603440-rails.png', '', '', '', 3, 0),
(32, '1431603440-apache.png', '', '', '', 3, 0),
(33, '1431603440-perl.png', '', '', '', 3, 0),
(34, '1431682171-SAM_0878.jpg', 'Madrid', '<p>ssssssssss ssssssss ssssss</p>\r\n', '', 4, 0),
(35, '1431682171-SAM_0852.jpg', 'Islamic Cultural Center of Madrid', '', '', 5, 0),
(36, '1431682171-SAM_0873.jpg', '', '', '', 5, 1),
(37, '1431682171-SAM_0857.jpg', 'Nice', '<p>Test</p>\r\n', '', 4, 0),
(38, '1431682171-SAM_0864.jpg', '', '', '', 4, 0),
(39, '1431682171-SAM_0863.jpg', '', '', '', 5, 0),
(40, '1431682171-SAM_0861.jpg', '', '', '', 5, 0),
(41, '1431682171-SAM_0884.jpg', '', '', '', 5, 0),
(42, '1431682171-SAM_0882.jpg', 'Islamic Cultural Center of Madrid', '', '', 5, 0),
(43, '1431682171-SAM_0865.jpg', '', '', '', 4, 0),
(44, '1431682171-SAM_0871.jpg', '', '', '', 4, 0),
(45, '1432828764-6.jpg', '', '', '', 4, 0),
(46, '1432828764-5.jpg', '', '', '', 4, 0),
(47, '1432828764-1.jpg', '', '', '', 4, 0),
(48, '1432828764-4.jpg', '', '', '', 4, 1),
(49, '1432828765-3.jpg', '', '', '', 4, 0),
(50, '1432828765-2.jpg', '', '', '', 4, 0),
(51, '1432828765-8.jpg', '', '', '', 4, 0),
(52, '1432828765-7.jpg', '', '', '', 4, 0);

-- --------------------------------------------------------

--
-- Table structure for table `intake`
--

DROP TABLE IF EXISTS `intake`;
CREATE TABLE IF NOT EXISTS `intake` (
  `id` smallint(6) NOT NULL AUTO_INCREMENT,
  `name` varchar(100) NOT NULL,
  PRIMARY KEY (`id`)
) ENGINE=InnoDB  DEFAULT CHARSET=latin1 AUTO_INCREMENT=6 ;

--
-- Dumping data for table `intake`
--

INSERT INTO `intake` (`id`, `name`) VALUES
(1, 'Intake 30'),
(2, 'Intake 31'),
(3, 'Intake 33'),
(4, 'Intake 34'),
(5, 'Intake 35');

-- --------------------------------------------------------

--
-- Table structure for table `itian`
--

DROP TABLE IF EXISTS `itian`;
CREATE TABLE IF NOT EXISTS `itian` (
  `userId` mediumint(11) unsigned NOT NULL,
  `branchId` smallint(6) NOT NULL,
  `intakeId` smallint(6) NOT NULL,
  `trackId` smallint(6) NOT NULL,
  PRIMARY KEY (`userId`,`branchId`,`intakeId`,`trackId`),
  KEY `userId` (`userId`),
  KEY `branchId` (`branchId`),
  KEY `intakeId` (`intakeId`),
  KEY `trackId` (`trackId`)
) ENGINE=InnoDB DEFAULT CHARSET=latin1;

--
-- Dumping data for table `itian`
--

INSERT INTO `itian` (`userId`, `branchId`, `intakeId`, `trackId`) VALUES
(1, 1, 2, 1),
(3, 1, 2, 1);

-- --------------------------------------------------------

--
-- Table structure for table `jobs`
--

DROP TABLE IF EXISTS `jobs`;
CREATE TABLE IF NOT EXISTS `jobs` (
  `id` int(11) NOT NULL AUTO_INCREMENT,
  `title` varchar(80) NOT NULL,
  `description` text NOT NULL,
  `type` enum('f','p') NOT NULL COMMENT 'Full time job or part time',
  `createdAt` timestamp NOT NULL DEFAULT CURRENT_TIMESTAMP,
  `qualifications` text NOT NULL,
  `contact` varchar(60) NOT NULL,
  `companyName` varchar(40) NOT NULL,
  `companyUrl` varchar(50) DEFAULT NULL,
  `companyAddress` text,
  `vacancies` int(3) DEFAULT NULL,
  `createdBy` mediumint(8) unsigned NOT NULL,
  PRIMARY KEY (`id`),
  KEY `createdBy` (`createdBy`)
) ENGINE=InnoDB  DEFAULT CHARSET=latin1 AUTO_INCREMENT=4 ;

--
-- Dumping data for table `jobs`
--

INSERT INTO `jobs` (`id`, `title`, `description`, `type`, `createdAt`, `qualifications`, `contact`, `companyName`, `companyUrl`, `companyAddress`, `vacancies`, `createdBy`) VALUES
(1, 'ffff', '<p>fddfdfd</p>\r\n', 'f', '2015-06-02 04:45:28', '', 'arahman.hamdy@gmail.com', 'egyptian company', 'www.google.com', 'smart village', NULL, 3),
(2, 'sss', '<p>sdsds</p>\r\n', 'f', '2015-06-02 07:35:54', '', 'arahman.hamdy@gmail.com', 'egyptian company', 'www.google.com', 'smart village', NULL, 3),
(3, 'Test Job', '<p>dsdsds</p>\r\n', 'f', '2015-06-02 07:37:53', '', 'arahman.hamdy@gmail.com', 'egyptian company', 'www.google.com', 'smart village', NULL, 3);

-- --------------------------------------------------------

--
-- Table structure for table `news`
--

DROP TABLE IF EXISTS `news`;
CREATE TABLE IF NOT EXISTS `news` (
  `id` int(11) NOT NULL AUTO_INCREMENT,
  `title` varchar(100) CHARACTER SET utf8 NOT NULL,
  `body` text CHARACTER SET utf8 NOT NULL,
  `sliderImage` varchar(100) CHARACTER SET utf8 NOT NULL,
  `categoryId` mediumint(9) NOT NULL,
  `createdBy` mediumint(9) NOT NULL,
  `updatedBy` mediumint(9) NOT NULL,
  `createdOn` timestamp NOT NULL DEFAULT CURRENT_TIMESTAMP,
  `updatedOn` timestamp NULL DEFAULT NULL,
  PRIMARY KEY (`id`)
) ENGINE=InnoDB  DEFAULT CHARSET=latin1 AUTO_INCREMENT=35 ;

--
-- Dumping data for table `news`
--

INSERT INTO `news` (`id`, `title`, `body`, `sliderImage`, `categoryId`, `createdBy`, `updatedBy`, `createdOn`, `updatedOn`) VALUES
(1, 'Hacking computer science education at Khan Academy', '<p style="text-align: center;"><img alt="" src="/upload/images/osdc_khan_520x292_FINAL.png" style="height:292px; width:520px" /></p>\r\n\r\n<p>I&#39;m deeply honored to be here today. I keep coming back to RIT, every couple of years, and I live in New York City now. There are always new buildings and new things happening. Very fantastic.</p>\r\n\r\n<p>I&#39;m here to talk about the stuff I&#39;m doing with&nbsp;<a href="https://www.khanacademy.org/" style="color: rgb(102, 153, 204); line-height: 1.4em;" target="_blank" title="Khan Academy">Khan Academy</a>. I&#39;m the&nbsp;<em><a href="https://www.khanacademy.org/about/the-team" style="color: rgb(102, 153, 204); line-height: 1.4em;" target="_blank" title="role at Khan Academy">Dean of Computer Science</a></em>,&nbsp;which is really a very tongue-in-cheek thing since we can make up our titles.&nbsp;I guess, I&#39;d start with an intro to what Khan Academy is and dig deeper into what I&#39;m doing with&nbsp;<a href="https://www.khanacademy.org/cs" style="color: rgb(102, 153, 204); line-height: 1.4em; letter-spacing: 0px;" target="_blank" title="Computer Science platform">CS (computer science) platform</a>&nbsp;in particular.</p>\r\n\r\n<p>I joined Khan Academy in 2011 after I worked at&nbsp;<a href="http://mozilla.org/" style="color: rgb(102, 153, 204); line-height: 1.4em;" target="_blank" title="Mozilla">Mozilla</a>&nbsp;doing JavaScript tool development.&nbsp;The big thing, our goal, is:&nbsp;<a href="https://www.khanacademy.org/about" style="color: rgb(102, 153, 204); line-height: 1.4em; letter-spacing: 0px;" target="_blank" title="mission">bring world-class education to everyone, everywhere, for free</a>.&nbsp;We are&nbsp;<strong>really</strong>&nbsp;good at producing educational material. Our math, science, computer science, and art history are very good. Most content is released under a&nbsp;<a href="http://creativecommons.org/" style="color: rgb(102, 153, 204); line-height: 1.4em; letter-spacing: 0px;" target="_blank" title="CC licenses">Creative Commons</a>&nbsp;license, so you can take it and do what you want with it.</p>\r\n\r\n<p>We&#39;re making inroads to bring our content to the world. I&#39;ve been working on the internationalization of Khan Academy. There are some problems in computer science that are &quot;solved problems,&quot; and you&#39;d think doing a website in multiple languages would have been one of these... but it is&nbsp;<strong>hard</strong>. So many edge-cases...&nbsp;We have videos, articles, exercises, all things relating to our curriculum.</p>\r\n\r\n<p>Who here uses Khan Academy&#39;s math curriculum as a supplement?&nbsp;<em>(many people raise hands)&nbsp;</em>That&#39;s pretty good! We usually tend to skew younger than college age!</p>\r\n\r\n<h3>Tracking better data</h3>\r\n\r\n<p>One of the things we do is track all the work you&#39;re doing, so you can get a more effective education. Every exercise and video, we track when you did it and how it went. If you got right answers or wrong answers; we can figure out why you&#39;re getting it wrong and how to make it better. We have a dashboard where we can push you to work on exercises to move your knowledge forward.</p>\r\n\r\n<p><a href="https://github.com/Khan/khan-exercises" style="color: rgb(102, 153, 204); line-height: 1.4em;" target="_blank" title="Khan exercises">This was the first thing</a>&nbsp;I built at Khan Academy, this framework for easily creating exercises. This is a system where you have a problem, charts, hints, and when you answer stuff, it can steer you when you get things wrong, to give you a better understanding. I worked on the internationalization for this as well, and it was ridiculously hard. Exercises made a lot of assumptions about English and western ways of doing this.</p>\r\n\r\n<p>Take &quot;Jane gives one ball to Fred,&quot; for example.&nbsp;&quot;Oh, that&#39;s easy, we&#39;ll just replace the words!&quot; But every language has differing ideas of what is singular and what is plural. Some places have more or less rules and even separate rules if the number ends with a three! We are now available in Spanish and Brazilian Portuguese.</p>\r\n\r\n<p>Much of our material on the site is split into a tutorial format. This is where you can go through, watch videos, and do exercises in a very linear form. This is great for our math content, and you see many students at middle-school and grade-school level using this. As I said before, we&#39;re tracking lots of data to give students a better experience, but also, the teachers.</p>\r\n\r\n<p>Khan Academy is trying to change how we think about education. So we can provide teachers with insights on how students are understanding content and progressing. You can see how they are struggling.</p>\r\n\r\n<p>We want to change the &quot;traditional&quot; model where you go in and the teacher gives a lecture to students about a material and assumes that everyone is at the same level. It assumes everyone has equal footing, and often, this is not the case. You have students lagging, and students who are&nbsp;<strong>wayyyy</strong>&nbsp;ahead. If we had better data, teachers could make more informed decisions.</p>\r\n\r\n<h3>One-to-one teaching</h3>\r\n\r\n<p>We break it down for the teacher so they can track specifically what students are working on at a given time, and analyze students in a class or across classes. No longer do they need to give a general lecture. Now it&#39;s &quot;Ok, it&#39;s math time. You set&nbsp;<strong>your</strong>&nbsp;goals.&quot;</p>\r\n\r\n<p>This week a student decides they want to finish long division. They can work on that and watch videos. The teacher can track whether they are getting stuck, and then give a targeted lecture. If there are four students struggling with long division, the teacher can give those four a lecture to reinforce those concepts, rather than doing the same thing&nbsp;<strong>over and over again</strong>&nbsp;with the entire class. This means they have time to do more one-to-one teaching. They can see who has higher or lower levels of understanding. This is something that provides a huge level of insight to teachers to better use their time.</p>\r\n\r\n<p>We have lots of students using this system now: over&nbsp;3 million problems per day!&nbsp;There are huge spikes in the beginning of school in September&mdash;we hit&nbsp;10 million active students. I&#39;d like to teach on a classroom basis, sure, but this is a way that I can better expand and stretch myself to teach computer science content. Depending how you measure, we have&nbsp;250,000 to 1 million students&nbsp;doing computer science stuff on the site.</p>\r\n\r\n<h3>Computer science at&nbsp;<span style="font-size:16px">Khan Academy&nbsp;</span></h3>\r\n\r\n<p>I started working on the&nbsp;<a href="https://www.khanacademy.org/cs" style="color: rgb(102, 153, 204); line-height: 1.4em;" target="_blank" title="Khan''s computer science platform">computer science platform</a>&nbsp;in late 2011 and released it in August 2012. We iterated a number of times and settled on this final implementation. The big thing here: this is on the computer science part of the website. We have a lot of curriculum. My coworker,&nbsp;<a href="http://www.pamelafox.org/" style="color: rgb(102, 153, 204); line-height: 1.4em;" target="_blank" title="profile">Pamela Fox</a>, is producing all the content (videos exercises, etc.).</p>\r\n\r\n<p>We go up to object-oriented techniques, not much overlap with Computer Science 101, and we have a long way to go to be a &quot;full&quot; computer science curriculum. You probably won&#39;t be able to go out from here and get a job yet. I want to encourage people, expecially at the target of middle-school and up, in finding the thing that excites them most about programming, and applying it to their life.</p>\r\n\r\n<p>Showing people the ways that programming can help improve science, biology, or art.&nbsp;I&#39;d love it if our computer science platform didn&#39;t jut produce computer science students, but enabled students to do what they love, with programming to help them do it well. Art historians who can program. Humanities people who can code. Cross-pollination for disciplines that traditionally don&#39;t overlap. This is hard, but this is what I&#39;d like to see.</p>\r\n\r\n<h3>Coding for all disciplines</h3>\r\n\r\n<p>Who is familiar with&nbsp;<a href="http://github.com/" style="color: rgb(102, 153, 204); line-height: 1.4em; letter-spacing: 0px;" target="_blank" title="GitHub site">GitHub</a>?&nbsp;<em>(many hands raise)&nbsp;</em>You can edit code, fork it, upload it, and make changes to the original. Similarly, what we have on Khan Academy, is the ability to make programs. Has anyone heard of Flappy Bird?&nbsp;<a href="https://www.khanacademy.org/cs/flappy-bird/5241613641056256" style="color: rgb(102, 153, 204); line-height: 1.4em; letter-spacing: 0px;" target="_blank" title="Flappy Bird">Someone rewrote this within Khan Academy</a>!</p>\r\n\r\n<p>We don&#39;t allow outside images yet, so anything you can see here on the computer science site is&nbsp;<em>drawn</em>.&nbsp;So, someone made this game, a student I don&#39;t know. It got 700+ votes so far and 1600+ &quot;forks,&quot; which we call spin-offs. These are all variations on what has been made. It looks like most of them are about the same. Slight changes in the color of the &quot;flappy bird,&quot; stuff like that. Students are taking the code and modifying it. This program has already had over&nbsp;1000&nbsp;spin-offs, or programs which were cloned or modified in some way. The top spin-off itself has&nbsp;113&nbsp;votes, and over&nbsp;100&nbsp;of it&#39;s own spin-offs! This is a very different collaborative environment. People making something and learning from it.</p>\r\n\r\n<h3>Khan&#39;s collaborative environment</h3>\r\n\r\n<p>I wanted to build off of the open source model. I wanted the code to be the front and center and not just show the graphical content, even when it is not a programming exercise.</p>\r\n\r\n<p>We have a partnership with&nbsp;<a href="http://nasa.gov/" style="color: rgb(102, 153, 204); line-height: 1.4em;" target="_blank" title="nasa">NASA</a>, and we&#39;re doing lots of simulation stuff. One is making a lander go into orbit and land. It is really hard. Though it isn&#39;t required, I wanted to show the code. People who are interested in space can look at the simulation, see it, and say &quot;Hey, how does this work? How can I learn more?&quot;&nbsp;I can go in and modify the simulation, save it as my own spin-off, and make whatever changes I want. That is the model we&#39;ve embraced here.</p>\r\n\r\n<p>Stuff like&nbsp;<a href="https://minecraft.net/" style="color: rgb(102, 153, 204); line-height: 1.4em;" target="_blank">Minecraf</a><u>t</u>&nbsp;and&nbsp;<a href="http://www.cuttherope.net/" style="color: rgb(102, 153, 204); line-height: 1.4em;" target="_blank">Cut The Rope</a>&nbsp;style games, those are always popular here. Someone made a drawing program. You can&#39;t really save &quot;state,&quot; so in the program, at the end, it spits out a giant blob of text, which is what you can copy-and-paste into a program to recreate your drawing!</p>\r\n\r\n<h3>Students adapt, modify, and change</h3>\r\n\r\n<p>Students have found ways to work around our system. This type of &quot;meta&quot; programming and activity is what it is&nbsp;<strong><em>all</em></strong>&nbsp;about.&nbsp;Students are even making clubs now. They will hang out and chat with each other in the comments section. Social groups are forming.</p>\r\n\r\n<p>Students also tend to make lots of demands and often petition for lots of things. Usually you&#39;ll find one at the top of just about every page. One thing often requested is support for playing sound, which I suspect students will abuse plenty. (<em>audience has a good laugh)&nbsp;</em>I like when students can discover things for themselves. What they learn from, it tends to be much more deeply embedded. They take more pride in it.</p>\r\n\r\n<p>This has been my baby, real-time injection of JavaScript code, so you can inject &quot;state&quot; into live running code. I feel like it is worth it. You get a much more compelling experience, and you can manipulate things&nbsp;<em>as they happen</em>. You don&#39;t have to wait for the program to restart. Even as we we&#39;re typing in the code, the program was still running! It works pretty well.</p>\r\n\r\n<p>We can record all the actions, and keystrokes, and things being said. We can play back commands and audio. We use videos frequently, but I don&#39;t think they are great for computer programming. The thing you want students to do is take some code, pause it, and change things to figure it out for themselves.</p>\r\n\r\n<p>We had some really janky solutions where we would pause YouTube videos and regenerate code, but we got to this point. Now, you can pause, make a change, and then when you hit play, it reverts the code, and continues from where you left off.</p>\r\n\r\n<p>We also have interactive transcripts now too, so that if you are hard of hearing, or you want the transcript for what has been said, you can get it. And we are now starting to translate those into other languages too (we&#39;re working on translating the audio).</p>\r\n\r\n<p>All the ability to do this stuff is powered by browser technology, like&nbsp;<a href="https://en.wikipedia.org/wiki/HTML5" style="color: rgb(102, 153, 204); line-height: 1.4em;" target="_blank" title="HTML5">HTML5</a>. We pull content from&nbsp;<a href="https://aws.amazon.com/s3/" style="color: rgb(102, 153, 204); line-height: 1.4em;" target="_blank" title="Amazon S3">Amazon S3</a>, and it works surprisingly well.</p>\r\n\r\n<p>I showed you math exercises where a student is given a math problem, they put in an answer, and then they get a &quot;right or wrong&quot; result. That works OK for math, but not really for programming. What works well for learning program is actually writing code. I want the students to be writing out the code. This is one step above recordings. We are basically showing you what code to write, and based on that, they can turn it into their own thing. There are much more complicated programs that can be made from the basics.</p>\r\n\r\n<p>One thing I&#39;ll mention is that a lot of code is open source and available on GitHub.&nbsp;If you are interested in contributing back,&nbsp;<a href="https://github.com/Khan" style="color: rgb(102, 153, 204); line-height: 1.4em;" target="_blank" title="Khan Academy on GitHub">that is all there</a>.</p>\r\n\r\n<p>We built a framework this summer called&nbsp;<a href="http://khan.github.io/structuredjs" style="color: rgb(102, 153, 204); line-height: 1.4em;" target="_blank" title="on GitHub">Structured.js</a>. We think it&#39;s really cool. You can define a rough structure for the code you want students to write, and then analyze the code to see if it matches a structure. We parse the student code, convert into a syntax tree, and compare it to our syntax tree.</p>\r\n\r\n<p>We use jQuery on the front-end, along with&nbsp;<a href="http://backbonejs.org/" style="color: rgb(102, 153, 204); line-height: 1.4em;" target="_blank" title="site">backbone.js</a>&nbsp;and&nbsp;a new framework from Facebook called&nbsp;<a href="http://facebook.github.io/react/" style="color: rgb(102, 153, 204); line-height: 1.4em;" target="_blank" title="Facebook on GitHub">react</a>. It is pretty crazy, and I think you should check it out. I&#39;m slowly getting used to it.&nbsp;On the back-end, we use&nbsp;<a href="http://python.org/" style="color: rgb(102, 153, 204); line-height: 1.4em; letter-spacing: 0px;" target="_blank" title="site">Python</a>&nbsp;on&nbsp;<a href="https://cloud.google.com/products/app-engine/" style="color: rgb(102, 153, 204); line-height: 1.4em; letter-spacing: 0px;" target="_blank" title="Google Cloud">Google&#39;s App Engine</a>. Sometimes we get on&nbsp;<a href="http://www.cbsnews.com/60-minutes/" style="color: rgb(102, 153, 204); line-height: 1.4em; letter-spacing: 0px;" target="_blank" title="TV show">60 Minutes</a>, and the traffic goes bonkers for an hour or two, then it goes back down. Google App Engine handles it quite well.</p>\r\n\r\n<p>I think I will wrap up there and answer any questions anyone might have. Questions about what I&#39;m doing at Khan Academy, questions about&nbsp;<a href="http://jquery.org/" style="color: rgb(102, 153, 204); line-height: 1.4em;" target="_blank">jQuery</a>&nbsp;of course. (<em>audience laughter)</em></p>\r\n\r\n<h3>Q &amp; A session</h3>\r\n\r\n<p><strong>Q:</strong>&nbsp;Does the order in which things are written matter in Structured.js?</p>\r\n\r\n<p><strong>A:</strong>&nbsp;In this specific case here, it is forcing you to do your &#39;if&#39; statement before the loop, so yes.&nbsp;A tool like this could be used poorly, sure. And that is why we have such detailed hints. We provide the structure itself as a hint.&nbsp;This is something here, that is one step above a video. They can name their variables whatever they want, we don&#39;t care, which is an improvement from most systems like this.&nbsp;This is relatively new, but students love it, and they are using it a lot.</p>\r\n\r\n<p><strong>Q:</strong>&nbsp;You are doing this teaching in the browser, which is good, but are there any &quot;where to go next?&quot; resources on Khan Academy?</p>\r\n\r\n<p><strong>A:</strong>&nbsp;We have an article called&nbsp;<a href="https://www.khanacademy.org/cs/programming/good-practices/a/what-to-learn-next" style="color: rgb(102, 153, 204); line-height: 1.4em;" target="_blank" title="What to Learn Next">&quot;what to learn next&quot;</a>&nbsp;where we direct students to tutorials and articles, projects to work on, web development in general, and other language resources. At this point, we are not everything for everyone, but we want to be the launching pad. Here is your first taste, and then you push off from there.</p>\r\n\r\n<p><strong>Q:</strong>&nbsp;The structure was all S3 and Google App Engine?</p>\r\n\r\n<p><strong>A:</strong>&nbsp;Yes, all cloud hosted. S3 for file hosting, videos typically pulled from&nbsp;YouTube. We don&#39;t have any physical servers. That is the nice thing about being &quot;in the future&quot; now, we don&#39;t need any of that.&nbsp;<em>(a</em><em>udience laughter)</em></p>\r\n\r\n<p><strong>Q:</strong>&nbsp;What is the history of the name?</p>\r\n\r\n<p><strong>A:</strong>&nbsp;It was created by&nbsp;<a href="https://en.wikipedia.org/wiki/Salman_Khan" style="color: rgb(102, 153, 204); line-height: 1.4em;" target="_blank" title="on Wikipedia">Salman Khan</a>. He created many of the videos on the site. We also have other professors and professionals who produce content, but he has done most of it. It started as his&nbsp;<a href="https://www.youtube.com/user/khanacademy" style="color: rgb(102, 153, 204); line-height: 1.4em;" target="_blank" title="Khan Academy on YouTube">YouTube channel</a>&nbsp;to help his cousin learn math. It got bigger and bigger, until it&#39;s it got up to like a million people.</p>\r\n\r\n<p><strong>Q:&nbsp;</strong>How do you moderate all the content? There could be potentially negative things, right?</p>\r\n\r\n<p><strong>A:</strong>&nbsp;We have a system for people to &quot;flag&quot; content, which puts it into a moderators queue. Once it gets three flags, it gets automatically moderated, and then can be reapproved by a moderator. We haven&#39;t had anything too terrible show up yet. It&#39;s been running since 2012. Really, it&#39;s not the programs, as much as the comments... BIG SURPRISE!&nbsp;<em>(audience laughter)&nbsp;</em>There have been &quot;factions&quot; of middle-school students who battle in the comments sections. We were worried in the beginning, but this hasn&#39;t actually happened yet. We banned outside images and only allow images that we provide. We had a student write a program that turns an image into a multi-lined call to the rectangle function to recreate it. If we find a way to ban something, students will always find a way around it. They are mostly doing things like putting up pictures of their favorite Pok&eacute;mon.</p>\r\n\r\n<p><strong>Q:</strong>&nbsp;Biggest tech challenge at Khan Academy?</p>\r\n\r\n<p><strong>A:</strong>&nbsp;The real-time stuff was pretty huge. The internationalization stuff of the past year was really hard, but hard in a different way. Not hard in the &quot;how do we scale&quot; way, but in the &quot;understanding the cross-cultural issues&quot; way. One of the hard problems for his platform, was making it in such a way that young students can understand what is going on. We ran a whole summer school and did lots of playtesting. We&#39;d get a different batch every week. They&#39;d get summer school credit, and we&#39;d get bug reports. We were in there with our notepads, and running everything through&nbsp;<a href="http://www.jshint.com/" style="color: rgb(102, 153, 204); line-height: 1.4em;" target="_blank" title="JSHint">JSHint</a>. We were trying to provide errors that were much more intuitive, but this wasn&#39;t explicitly a tech problem.</p>\r\n\r\n<p><strong>Q:</strong>&nbsp;You talked about &quot;clubs&quot; forming in the comments, I was wondering how far you were willing to take the pseudo-social aspect? Are there plans to expend into different languages or other types of programming?</p>\r\n\r\n<p><strong>A:</strong>&nbsp;Yes, in some areas. One immediately I think of is humanities. I didn&#39;t think about this initially, but the way in which you are making these programs and building a creative work, you spend lots of time and you want people to collaborate. This can happen for writing, poetry, art, music, all of these things for which there isn&#39;t a model for teaching online. Having the staffs and bars for composing music and hearing the playback in real-time would be great. Even better would be for live-forking and editing for others to collaborate.&nbsp;More immediate feedback on what projects students build is a goal.</p>\r\n\r\n<p>The only other language we&#39;re looking to go into is HTML/CSS/JavaScript. The huge advantage of JavaScript is that it can run natively, you don&#39;t need to pass it back and forth. For now, we&#39;ll be sticking with browser native languages.</p>\r\n\r\n<p><strong>Q:</strong>&nbsp;Khan Academy is free, right? How are you making money right now, and do you see any change in the future?</p>\r\n\r\n<p><strong>A:</strong>&nbsp;We are funded by grants. The Bill and Melinda Gates Foundation, The Carlos Slim Foundation, and others. There is a lot of interest, and funding, and we aren&#39;t in the position of every other education startup&mdash;where you&#39;re charging teachers, schools, or students money. I don&#39;t want to be pinching pennies out of students pockets. For additional revenue, we have contracts for folks who are using our content in commercial contexts.</p>\r\n\r\n<p>We do have&nbsp;<a href="https://www.khanacademy.org/careers" style="color: rgb(102, 153, 204); line-height: 1.4em;" target="_blank" title="careers via Khan">lots of jobs, tons of internships</a>. The whole computer science platform was built by me and interns, so if you wanna work with me and build cool stuff, please do.</p>\r\n', 'osdc_khan_520x292_FINAL.png', 1, 1, 1, '2014-02-22 00:34:32', '2014-02-22 17:04:22'),
(2, 'Year-in-Review: Open Government', '<p style="text-align:center"><img alt="" src="/upload/images/yearinreview_government.png" style="height:292px; width:520px" /></p>\r\n\r\n<p>In recent years, news of open source or open standards policies dominated our news feeds. Each new policy was hailed as a victory by advocates of open source. While there has been no shortage of successful news stories around open source implementations this year, we&rsquo;ve marked a growing, uncomfortable trend. Governments, even those who&rsquo;ve established excellent open technology policies, are still struggling to put those policies into practice.</p>\r\n\r\n<p>The current government policy landscape, for me, is best summed up in this<a href="http://opensource.com/government/13/1/open-source-policy-implementation" style="color: rgb(102, 153, 204); line-height: 1.4em;" target="_blank" title="Why some governments are struggling with open source implementation">article by Paul Brownell</a>:</p>\r\n\r\n<blockquote>\r\n<p>Government after government, it seemed, was stepping up and laying the ground work for public-sector adoption and private-sector growth of open standards and open source software... But interspersed throughout these reports are stories and anecdotes of government policies being ignored, abandoned, or reversed.</p>\r\n\r\n<p>Why are governments &quot;talking the talk&quot; but not always &quot;walking the walk?&quot;</p>\r\n</blockquote>\r\n\r\n<p>Brownell points out that &quot;public agencies in most countries lack the expertise, the experience, the will, and sometimes the courage to purchase open source.&quot;</p>\r\n\r\n<p>This year has been a reminder that an open source policy is an important step for governments to take. However, it&rsquo;s only the first step. As Mark Bohannon noted in&nbsp;<a href="http://opensource.com/government/13/9/trends-open-source-government-2013" style="color: rgb(102, 153, 204); line-height: 1.4em;" target="_blank" title="What’s ahead for open source in government">his article</a>&nbsp;about 2013 government trends, &quot;Increasingly, governments are wrestling with the &#39;how tos&#39; of open source choices; not &#39;whether&#39; to use it.&quot;</p>\r\n\r\n<p>Our readers (and contributors) have demonstrated that they&rsquo;re willing to help governments become both consumers and contributors in the open source community. This year&rsquo;s government posts focused on the practicality of open source implementation in the public sector, as opposed to the mere principle.&nbsp;</p>\r\n\r\n<p>Catch up on your reading from 2013 with our top 10 list. Maybe you&rsquo;ll be inspired to volunteer for your local government&rsquo;s IT advisory council or start a&nbsp;<a href="http://citycamp.govfresh.com/about/" style="color: rgb(102, 153, 204); line-height: 1.4em;" target="_blank" title="CityCamp on GovFresh">CityCamp</a>. Here&rsquo;s to more &quot;<a href="http://opensource.com/government/13/8/citizen-cio" style="color: rgb(102, 153, 204); line-height: 1.4em;" target="_blank" title="The rise of the citizen CIO">citizen CIOs</a>&quot; in 2014.</p>\r\n', 'yearinreview_government.png', 1, 1, 1, '2014-02-22 10:15:03', '2014-02-23 10:50:15'),
(3, 'Trust your students with open source', '<p style="text-align: center;"><img alt="" src="/upload/images/EDU_OSDC_IntroOS_520x292_FINAL.png" style="height:292px; width:520px" title="test" /></p>\r\n\r\n<p>In Zen Buddhism the concept of Shoshin, or &quot;Beginner&rsquo;s Mind,&quot; teaches us to approach learning with openness and a lack of preconceptions. Zen Monk and teacher, Shunryu Suzuki famously wrote: &quot;In the beginner&rsquo;s mind there are many possibilities, but in the expert&rsquo;s there are few.&quot;&nbsp;When we cast aside that which we think we know, or that which we believe to be true, we can embrace new insights and ideas. As we climb to levels of expertise in our careers and work, we sometimes disconnect from the intense experiences of unknowing and the creative discovery inherent in being a novice.</p>\r\n\r\n<p>Children wholly embody a beginner&rsquo;s mind and naturally exhibit an inquisitiveness and passion to explore the world around them. They are natural hackers, as evidenced by elementary students describing in glee how they manipulate and mod Minecraft, trick out games via cheat codes, and jailbreak iPods. Unimpeded by assumptions of what technology should do, or a fear of failure, children push forward into a realm of possibility, invention and exploration. As a technology and education leader in a public K-12 school district, my role is to design a learning environment where openness, creativity, and opportunity is offered to every child. I&#39;m also fortunate to be part of a team who values the open source philosophy and embraces educational software freedom.</p>\r\n\r\n<p>For over a decade, open source has permeated all areas of our district operations, infrastructure, and classrooms. We have introduced open source software and ideals to our students, parents, teachers, and community through a variety of projects and programs. Our school district has&nbsp;<a href="http://www.pennmanor.net/techblog/?page_id=882" style="color: rgb(102, 153, 204); line-height: 1.4em;" target="_blank" title="PM Technology Blog">deployed the largest fleet</a>&nbsp;of student Linux laptops in the state of Pennsylvania. As of January 2014, Penn Manor students regularly utilize nearly 3500 laptops and desktops exclusively running open source software. Open source is with them everyday, and an integral part of their learning.</p>\r\n\r\n<p>The introduction of open source is natural; children have no preconceptions of what software should be used in school because a marketing team, teacher, or other expert tells them what to use. They simply take advantage of the available tools to solve problems, write meaningfully, and produce visible artifacts of learning. I believe that a student&#39;s curiosity and ability to explore should not be confined to a classroom or bound by a locked technology platform. As part of our high school&nbsp;<a href="http://www.pennmanor.net/techblog/?p=1757" style="color: rgb(102, 153, 204); line-height: 1.4em;" target="_blank" title="PM Technology Blog">1:1 laptop program</a>, all 1700 students in grades 9 through 12 are receiving Linux powered laptops loaded with a large menu of open source applications. The laptops are personally assigned to each student, used as part of their studies during the school day, and travel home with them during evenings and weekends.</p>\r\n\r\n<p>Many school 1:1 programs restrict what students may do and learn with their devices. Installation or modification of software is typically restricted, often draconically, to IT personnel. This common practice cripples learning and dishonors students&rsquo; autonomy. In contrast, our program begins with a deep level of trust; student accounts are given sudo privileges and granted the liberty to install programs, spin configuration knobs, and freely experiment with the universe of open source software. Novice and accomplished students are welcomed and encouraged to learn the art of computing and pursue personal passions and interests. By starting the conversation with &quot;We trust you,&quot; and providing an open platform for learning, we set in motion a train of student inquiry and discovery.</p>\r\n\r\n<p>Everyday access to open source on the desktop helps our students experience the potency and flexibility of open source, and possibly help launch the careers of future coders, engineers, and free thinkers. Finally, education and outreach to fellow teachers, parents, and families is critical to helping novices understand the value of open source software and communities. My parent presentations and teacher professional development sessions typically begin with introductions to familiar software such as Firefox and Moodle. As I explain the merits of LibreOffice and Linux, parents commonly are intrigued by alternatives to expensive proprietary software such as Microsoft Office and Windows. Taxpayers typically react with glee when they learn that our use of Koha, Moodle, OwnCloud, WordPress, and other enterprise-class solutions provide high-quality free alternatives to costly proprietary systems and services.</p>\r\n\r\n<p>Students embrace open source principles with incredible curiosity and fearlessness. Yet, I&#39;m not exactly sure why open source software has not become wildly popular in schools. Relentless marketing by commercial vendors is certainly part of the equation. Perhaps at some point, many walk across the line of demarcation between beginner mind and expert mind. The march from open to closed plays out time and time again in educational software preference, licensing, and technology. Often, the inertia and comfort of one&#39;s expertise is difficult to overcome and can limit the desire to step forward into new territory.</p>\r\n\r\n<p>As adults, as&nbsp;<em>experts</em>, how might we energize and kindle the spirit of open learning and creation? As suggested by another great teacher, we begin the thousand-mile journey with the first small step, place open options in front of our students, and watch the magic unfold.</p>\r\n', 'EDU_OSDC_IntroOS_520x292_FINAL.png', 1, 1, 1, '2014-02-22 10:19:09', '2014-02-23 10:47:35'),
(4, 'In search of a flexible, open education management', '<p><img alt="" src="/upload/images/EDU_OSDC_OpenClass_520x292_FINAL_JD.png" style="float:right; height:292px; margin:10px; width:520px" /></p>\r\n\r\n<p>Watching&nbsp;<a href="https://en.wikipedia.org/wiki/Gibbon" style="color: rgb(102, 153, 204); line-height: 1.4em;">gibbons</a>&nbsp;play<strong>&nbsp;</strong>is like nothing else on earth: they show astounding flexibility, speed, and grace as they swing, run, and jump. These long-armed primates are found in forested areas of Southeast Asia and move by swinging and leaping from tree to tree. Their sense of fun is almost tangible in the air around them. Although lofty, these attributes are what the&nbsp;<a href="http://gibbonedu.org/" style="color: rgb(102, 153, 204); line-height: 1.4em;" target="_blank" title="website">Gibbon project</a>, an education management system,&nbsp;aspires to bring to schools and colleges.</p>\r\n\r\n<p>When I started working in education, I was hired to build web-based systems to fill the gaps left by other school platforms. For example, a system might have been designed to work for a North American school, but after deployment to an<a href="http://www.ibo.org/" style="color: rgb(102, 153, 204); line-height: 1.4em;">IB school</a>, it was discovered that certain features were missing. These large, unwieldy systems were difficult to use, even for a technician, and never seemed to do quite what the job called for.&nbsp;In one such system, it was not unsual for a teacher to have to master SQL table joins before being able to retreive data on their students. Needless to say, such interfaces with student data did not prove popular with teachers struggling to meet the demands of their jobs. As I progressed in my career, I became involved in evaluating, procuring, and designing large systems like these, all with the goal of finding one that met the diverse needs of a large group of schools (e.g. taking attendance, learning more about a student, keeping an organised grade book, etc). Never once did a system jump out as being particularly easy to use, nor did any seem to be complete in needed functionality.</p>\r\n\r\n<p><img alt="Gibbon" src="http://opensource.com/sites/default/files/resize/images/education-uploads/gibbonschool-150x79.png" style="border:1px solid rgb(194, 192, 193); float:right; height:79px; margin:8px; width:150px" title="Gibbon" /></p>\r\n\r\n<p>After changing career paths and training to become a classroom teacher, I began a job as the ICT Coordinator for&nbsp;<a href="http://www.ichk.edu.hk/" style="color: rgb(102, 153, 204); line-height: 1.4em;" target="_blank" title="website">International College Hong Kong</a>. In this position I was responsible for providing coherent software tools to help teachers and students work effectively. What I found installed was a corporate&nbsp;<a href="https://en.wikipedia.org/wiki/Enterprise_resource_planning" style="color: rgb(102, 153, 204); line-height: 1.4em;">ERP</a>&nbsp;tool hacked to fit a school setting. Naturally, this did not really facilitate teaching and learning in the way I had hoped, for example, by allowing teachers to plan lessons and share them with students.</p>\r\n\r\n<p>I felt strongly that an open source system was the answer because it could be improved and tailored to meet the needs of the college. However, after much searching, I could not find a flexible, open, and functional school system to meet our needs. Without really understanding the size of the task, I decided the only path was to build one myself.</p>\r\n\r\n<p>This decision was also driven by a feeling that I had benefited from open source software many times in my life. I&#39;ve been a user of Linux, Firefox, Drupal, and WordPress&mdash;as I&#39;m sure many of you have as well. I felt this was my chance to give back to an&nbsp;open source&nbsp;community of committed users and developers whom I respect.</p>\r\n\r\n<p>I own the copyright to a school-centered system called Muse, so I began there, stripping back and rebuilding the code to produce a user authentication and management system&mdash;today called,&nbsp;<a href="http://gibbonedu.org/" style="color: rgb(102, 153, 204); line-height: 1.4em;" target="_blank" title="website">Gibbon</a>. With this in place, I began building one of Gibbon&#39;s defining features: a flexible system for controlling functionality for users across the system. Like Drupal, it has a flexible set of modules, each defining a set of actions users could perform. Grouped in roles, users can then be given access to functionality with just the check of a box. Gibbon has core modules and themes and is built to allow easy integration of additional code to adjust both functionality and appearance.</p>\r\n\r\n<p>With the framework in place, I began replicating in the database and code various structures found in schools, like: academic years, year groups, spaces, roll groups, courses, classes, students, and teachers. Each of these structures was designed to work for a broad range of schools, such as those catering to different ages (primary or secondary school) and those teaching different systems (e.g. UK National Curriculum, IBO, etc)<strong>.</strong>&nbsp;With this type of flexibility comes difficulty, as it requires thinking not just about the case in front of you, but of all possible cases. For example, you cannot simply hard-code in a school week running from Monday to Friday, as this is not universal around the world. Although time and resources were limited, I spent a lot of time on this, reasoning that it would save time in the future.</p>\r\n\r\n<p>Next, I was ready to start writing user functionality. Naturally, I began with the needs that were most pressing at the college where I worked. The first was access to students&#39; profiles, where teachers could learn all they might need to know about a student. Then I built a module where teachers can create, store, and share lesson plans, followed by another where they can also store and share grades.&nbsp;I built each new module or functionality in private in order to avoid getting bogged down, including pet features for everyone<strong>,</strong>&nbsp;releasing it to relevant users only when it was stable and useable (if not complete). I then got feedback from the few early users and quickly implemented changes. By operating in this manner, I showed a willingness to improve the system and attracted more users to the system.</p>\r\n\r\n<p>Overall, development of Gibbon was rapid, non-linear, and unplanned. Driven by the needs of now-interested colleagues, myself, and the other developers on the project, I have added functionality to track behaviour, run activities, view timetables, plan units of work, share resources, and more. By releasing early and often, each new development exposed the system to new strains, which needed to be addressed before moving forward.</p>\r\n\r\n<p>The result, for users (administration, teachers, parents, and students) is an education management system that provides end-to-end workflow, supporting teaching and learning from planning to classroom learning to asssessment to reporting<strong>.</strong>&nbsp;Gibbon also supports a wide range of educational experiences&mdash;for instance, all within one system, a&nbsp;teacher can use Gibbon to plan their curriculum, share lesson plans, assign and collect homework, and grade and assess feedback.</p>\r\n\r\n<p>Three years and seven versions into the project (v7.1.00, Agile, was released in December 2013), and Gibbon has reached a relative level of maturity, if not completion. It is currently used in the running of most aspects of my own college and of our partner school. It is also under testing in several other schools. Gibbon ships with 24 core modules, handling tasks as diverse as education, school management, finance, and communication. With a library of five free additional modules, and developers available to custom-build more, it is highly malleable to the varying needs of any educational institute.</p>\r\n\r\n<p>The next phase for Gibbon is growing the base of education organizations that implement and use the system as well as the passionate community of developers and supporters. If you would like to learn more about Gibbon:</p>\r\n\r\n<ul>\r\n	<li>Visit&nbsp;<a href="http://gibbonedu.org/" style="color: rgb(102, 153, 204); line-height: 1.4em; letter-spacing: 0px;" target="_blank" title="website">http://gibbonedu.org</a></li>\r\n	<li>Email support@gibbonedu.org&nbsp;</li>\r\n	<li>Tweet&nbsp;<a href="https://twitter.com/gibbonsoftware" style="color: rgb(102, 153, 204); line-height: 1.4em; letter-spacing: 0px;">@gibbonsoftware</a></li>\r\n</ul>\r\n', 'EDU_OSDC_OpenClass_520x292_FINAL_JD.png', 1, 1, 1, '2014-02-22 15:32:10', '2014-02-22 16:24:08');
INSERT INTO `news` (`id`, `title`, `body`, `sliderImage`, `categoryId`, `createdBy`, `updatedBy`, `createdOn`, `updatedOn`) VALUES
(5, 'Who helps your Linux distribution run smoothly? Thank a packager today', '<p style="text-align:center"><img alt="" src="/upload/images/BUSINESS_networks.png" style="height:292px; width:520px" /></p>\r\n\r\n<p><strong><em>The people behind the scenes who work tirelessly to make your Linux distribution run smoothly are the&nbsp;packagers. The vast majority of Linux packagers are volunteers who dedicate their evenings and weekends to create and maintain the gears of the Linux distributions they love.</em></strong></p>\r\n\r\n<p>The Linux ecosystem is thriving with many different distributions. They satisfy different audiences, needs, and styles. They range from types that are:</p>\r\n\r\n<ul>\r\n	<li>secure and suitable for military and financial applications (<a href="http://www.redhat.com/products/enterprise-linux/" style="color: rgb(102, 153, 204); line-height: 1.4em;" target="_blank">RHEL</a>)</li>\r\n	<li>bleeding edge and dynamic (<a href="http://fedoraproject.org/" style="color: rgb(102, 153, 204); line-height: 1.4em;" target="_blank">Fedora</a>)</li>\r\n	<li>universal (<a href="http://www.debian.org/" style="color: rgb(102, 153, 204); line-height: 1.4em;" target="_blank">Debian</a>)</li>\r\n	<li>educational (<a href="http://www.edubuntu.org/" style="color: rgb(102, 153, 204); line-height: 1.4em;" target="_blank">Edubuntu</a>)</li>\r\n	<li>for the hobbyist (<a href="http://www.raspbian.org/" style="color: rgb(102, 153, 204); line-height: 1.4em;" target="_blank">Raspbian</a>)</li>\r\n	<li>for the media artist (<a href="http://ubuntustudio.org/" style="color: rgb(102, 153, 204); line-height: 1.4em;" target="_blank">Ubuntu Studio</a>)</li>\r\n	<li>for the easy-going user (<a href="http://www.linuxmint.com/" style="color: rgb(102, 153, 204); line-height: 1.4em;" target="_blank">Mint</a>)</li>\r\n	<li>for the desktop application and cloud (<a href="http://www.ubuntu.com/" style="color: rgb(102, 153, 204); line-height: 1.4em;" target="_blank">Ubuntu</a>)</li>\r\n	<li>simple and lightweighted (<a href="https://www.archlinux.org/" style="color: rgb(102, 153, 204); line-height: 1.4em;" target="_blank">Arch</a>)</li>\r\n	<li>faithfully built from source code (<a href="http://www.gentoo.org/" style="color: rgb(102, 153, 204); line-height: 1.4em;" target="_blank">Gentoo</a>)</li>\r\n	<li>reliable and unpretentious (<a href="http://www.slackware.com/" style="color: rgb(102, 153, 204); line-height: 1.4em;">Slackware</a>)</li>\r\n</ul>\r\n\r\n<p>And, the list keeps going for&nbsp;<a href="http://upload.wikimedia.org/wikipedia/commons/1/1b/Linux_Distribution_Timeline.svg" style="color: rgb(102, 153, 204); line-height: 1.4em; letter-spacing: 0px;" target="_blank" title="distros">tens of other distributions</a>&nbsp;that are continuously evolving.</p>\r\n\r\n<p>In all the cases, the Linux distributions are aggregating free and open source packages, configuring them and combining them in a manner that ensure their proper collective behavior. Thanks to all that configuration and testing, adopters of Linux distributions have the peace of mind of simply installing a package (a given application) and having the confidence that it will work nicely with the other packages currently installed in the system.</p>\r\n\r\n<p>The &quot;magic elves&quot; behind the scenes who work tirelessly to make this work smoothly are the&nbsp;<em>packagers</em>. The vast majority of Linux packagers are volunteers who dedicate their evenings and weekends to create and maintain the gears of the Linux distributions they love.</p>\r\n\r\n<p dir="ltr">Back in February 2012, I had the luck of being the first trainee of the Debian&nbsp;<a href="https://wiki.debian.org/DebianMed/MoM" style="color: rgb(102, 153, 204); line-height: 1.4em;" target="_blank" title="Debian program">Maintainer of the Month (MoM)</a>&nbsp;program, started by&nbsp;<a href="http://people.debian.org/~tille/" style="color: rgb(102, 153, 204); line-height: 1.4em;" target="_blank" title="profile">Andreas Tille</a>. The goal of the MoM program is to educate and train new packagers for the Debian distribution by pairing trainees with mentors and doing the training while packaging a new real application. The program has all the ingredients for balancing an interesting, challenging, and rewarding task.</p>\r\n\r\n<p dir="ltr">During my training, we learned how to package&nbsp;<a href="http://sourceforge.net/projects/fis-gtm/" style="color: rgb(102, 153, 204); line-height: 1.4em;">fis-gtm</a>, the open source implementation of&nbsp;<a href="http://opensource.com/health/12/3/join-m-revolution%E2%80%94get-your-tools" style="color: rgb(102, 153, 204); line-height: 1.4em; letter-spacing: 0px;" target="_blank" title="M language">M/MUMPS</a>&nbsp;that is of great importance for the ecosystem of open source&nbsp;<a href="http://osehra.org/blog/packaging-fis-gtm-debian-linux-distribution-0" style="color: rgb(102, 153, 204); line-height: 1.4em; letter-spacing: 0px;" target="_blank" title="EHR systems">Electronic Health Records</a>&nbsp;systems. The&nbsp;<a href="http://packages.debian.org/sid/fis-gtm" style="color: rgb(102, 153, 204); line-height: 1.4em; letter-spacing: 0px;" target="_blank" title="on Debian website">fis-gtm package</a>&nbsp;has just been accepted in the&nbsp;<a href="http://www.debian.org/releases/sid/" style="color: rgb(102, 153, 204); line-height: 1.4em;">Debian unstable</a>&nbsp;distribution.</p>\r\n\r\n<p dir="ltr">Going through the training was eye opening. I learned a great deal of very useful tools and practices, that since then I continue to use daily. From the proper use of&nbsp;<a href="http://en.wikipedia.org/wiki/GNU_Privacy_Guard" style="color: rgb(102, 153, 204); line-height: 1.4em; letter-spacing: 0px;" target="_blank" title="GNU">GPG keys</a>, to&nbsp;<a href="http://en.wikipedia.org/wiki/Chroot" style="color: rgb(102, 153, 204); line-height: 1.4em;" target="_blank" title="wikipedia">chroot containment</a>&nbsp;and remote screen sharing with&nbsp;<a href="http://en.wikipedia.org/wiki/Tmux" style="color: rgb(102, 153, 204); line-height: 1.4em; letter-spacing: 0px;" target="_blank" title="wikipedia">tmux</a>.&nbsp;The collaboration environment was well described by Andreas Tille as: &quot;Waking up in the morning to realize that someone in another continent has already solved for you the problem that had you stuck last night.&quot;</p>\r\n\r\n<p dir="ltr">In ideal circumstances, a Linux packager works closely with the developers of the upstream package in such a way that new releases of the package can be adapted quickly to be included in the next release of that Linux distribution. In many cases, the process of packaging uncovers issues with the package that require the upstream developers to make changes and adjustments.&nbsp;A packager also works in close coordination with other packagers in the same Linux distribution because many packages have dependencies on other packages or provide services for other packages, making it vital that the community of packagers coordinate their updates to ensure the consistency of the final Linux distribution.</p>\r\n\r\n<p dir="ltr">As Linux users, it is often easy to forget (disregard?) how much work goes into the creation and maintenance of a Linux distribution.<br />\r\nBecoming a Linux packager is an excellent way to learn about software development, quality control, project management, and software maintenance in an environment of passionate individuals who deeply care about the output of their work. This is an experience all young developers should have.</p>\r\n\r\n<p dir="ltr">After having learned the ropes of Linux packaging, and having seen first hand the dedication of this community, I developed a great deal of respect and appreciation for their work.&nbsp;Now, every time I install a package, whether it is from the command line with</p>\r\n\r\n<pre>\r\nsudo apt-get install package</pre>\r\n\r\n<p dir="ltr">or</p>\r\n\r\n<pre>\r\nyum install package</pre>\r\n\r\n<p dir="ltr">or any of the equivalent graphical interfaces, I pause and think:</p>\r\n\r\n<p dir="ltr">&quot;Thank you to the person who spent many hours configuring and building this application so that I didn&rsquo;t have to.&quot;</p>\r\n', 'BUSINESS_networks.png', 1, 1, 1, '2014-02-22 21:31:06', '2014-02-22 19:32:24'),
(24, 'Wondering Around the Mobile in 18 Activities', '<p style="text-align:justify"><strong>MDW</strong>&nbsp;is the first of its kind in Egypt and the Middle East.&nbsp;&nbsp;The mobile industry witnesses massive developments around the clock, and hence it was of a critical need to create a platform connecting the industry&rsquo;s dynamic key players to discuss, collaborate and reflect the industry&rsquo;s day-to-day news, updates, opportunities and challenges in an interactive &amp; passion driven environment.</p>\r\n\r\n<p style="text-align:justify">&nbsp;</p>\r\n\r\n<p style="text-align:justify">The 3-day forum was attended by 1000 participants coming from diversified educational background and workplace, yet sharing the same interest in the mobile industry and passion for innovation.&nbsp;<strong>MDW</strong>&nbsp;participants were engaged in stirring up a global creative buzz through back to back activities include Technology and Applications&nbsp;core sessions, Entrepreneurship Pavilion, Mobile Gadgets Runway Studio, Mobile Fitness &amp; Health Center,&nbsp;&nbsp;all happening simultaneously along with challenging hackathons, interactive training workshops and labs coached by key mobile industry leaders.</p>\r\n', 'Size-A1.jpg', 1, 1, 0, '2014-03-29 00:34:59', NULL),
(25, 'Peppermint introduces cloud-based open source desktop to Africa', '<p style="text-align: center;"><img alt="" src="/upload/images/EDUCATION_jadud_make-things-better.png" style="height:292px; width:520px" /></p>\r\n\r\n<p>Open source makes a lot of sense in rural areas and in third world countries. Lightweight and open source systems that are easy to use, and which allow normal users to become power users and contribute back to the open source community, can be ideal for countries like Cameroon, located in middle Africa.</p>\r\n\r\n<p>Marc Stephan Nkouly, the manager of a successful Cameroon cyber cafe, is growing his business into a hub for education, entertainment, and entrepreneurialism, with the help of the up-and-coming&nbsp;<a href="http://peppermintos.com/" style="color: rgb(102, 153, 204); line-height: 1.4em;" target="_blank" title="Peppermint   The Linux Desktop OS">open source operating system Peppermint</a>. Open source technologies help to level the playing field and build a worldwide community of contributors to and users of tools that are providing new educational opportunities, resources, and jobs.</p>\r\n\r\n<p><a href="https://twitter.com/roadhacker" style="color: rgb(102, 153, 204); line-height: 1.4em;" target="_blank" title="Shane Remington on Twitter">Shane Remington</a>&nbsp;and&nbsp;<a href="https://twitter.com/kendalltristan" style="color: rgb(102, 153, 204); line-height: 1.4em;" target="_blank" title="Kendall Weaver on Twitter">Kendall Weaver</a>&nbsp;run Peppermint, which was designed to be lightweight, easy to use, and integrated directly with cloud-based applications. Their offices are in the small town of Hendersonville in the rural mountain of North Carolina near Asheville. The impact of their project spans the globe, with a thriving community of contributors and an ignited interest from locations like Cameroon.</p>\r\n', 'EDUCATION_jadud_make-things-better.png', 1, 1, 0, '2014-03-29 00:41:35', NULL),
(26, 'How times have changed for PostgreSQL', '<p style="text-align: center;"><img alt="" src="/upload/images/BIZ_OpenInnovation.png" style="height:292px; width:520px" /></p>\r\n\r\n<p>When I started teaching PostgreSQL education courses in 2001, PostgreSQL was the ugly one in the data center. Many of the people who were learning how to work with it were doing so grudgingly because of some specific requirement. They had inherited a PostgreSQL database, for example. As a result, many of them tried to learn just enough to do what they needed to do. The other population of students were serious technologists, die-hard open source devotees who wanted to use only open source solutions and were learning PostgreSQL because they needed a relational database for their operations.</p>\r\n\r\n<p>&nbsp;</p>\r\n\r\n<p>But today, PostgreSQL is undergoing a renaissance of sorts as recent advances in features and capabilities have propelled the database forward with enterprises and small businesses alike worldwide.&nbsp;The professionals enrolling in training courses today come from a much broader technical background and the level of enthusiasm is much higher. Knowing how to work with PostgreSQL has become recognized as a valuable career path for individuals. I see experienced enterprise software professionals who are versed in operating systems and Windows, for example, taking the training to advance their careers. I also see whole departments within a company signing up because more enterprises are investing in PostgreSQL.</p>\r\n\r\n<p>In classes about PostgreSQL, it helps to combine veterans with newly minted database administrators. Students from a mix of backgrounds provide a more interactive and enriching experience because of the questions they pose. People with operational experience help beginners by providing insight into why someone would need to know or work with some part of the technology. A beginner meanwhile can often pose questions that an experienced database professional never considered and they end up learning from the discussion.</p>\r\n\r\n<blockquote>\r\n<p><strong>TIP:</strong>&nbsp;<em>I tailor my presentations to the students enrolled in that particular course. In the beginning, I ask about their goals and their backgrounds so that going in, I know if I have a large group of beginners or a greater number of professionals with a background in DB2 or Oracle. In presenting the content, I can highlight material that appeals to particular audiences.</em></p>\r\n</blockquote>\r\n\r\n<p>But what longtime veterans find is a very different environment in PostgreSQL. Different in a good way. There is a philosophical emphasis in PostgreSQL that is not present in commercial solutions. It&rsquo;s a database designed by engineers for engineers. Commercial products seek to package and productize features. But with PostgreSQL, there is a modular framework and all the features work with every other feature. There are very few edge cases. So at first, for a database professional, working with PostgreSQL is a very different experience. But once professionals understand the design, they find it&rsquo;s very intuitive and they&rsquo;re hooked.</p>\r\n\r\n<p>It reminds me of when my son suggested I try Ubuntu Linux. I had to buy a Windows laptop when I was working on the Windows port for PostgreSQL. I downloaded Ubuntu and started using it. I had been working with it for about a month when I had to go back into Windows for a project. I was shocked at how many things I suddenly could not do, things I had begun to take for granted.</p>\r\n\r\n<p>PostgreSQL is like that.</p>\r\n', 'BIZ_OpenInnovation.png', 1, 1, 0, '2014-03-29 00:47:23', NULL),
(27, 'Education for the real world: Open course on open source NoSQL databases', '<p>Back in March of this year, the&nbsp;<a href="http://www.albany.edu/" style="color: rgb(102, 153, 204); line-height: 1.4em;" target="_blank" title="university of Albany">University of Albany</a>&nbsp;Student Chapter of the American Society for Information Science &amp; Technology (<a href="http://albany.collegiatelink.net/organization/ualbanyasiststudentchapter" style="color: rgb(102, 153, 204); line-height: 1.4em;" target="_blank" title="ASIS&amp;T">ASIS&amp;T</a>) organized its second&nbsp;<a href="https://sites.google.com/site/opensourcefestival2012/" style="color: rgb(102, 153, 204); line-height: 1.4em;" target="_blank" title="Open Source Festival">Open Source Festival</a>. The event brought together enthusiasts of open source from industry, government, and academia in the New York-Albany area. There, I shared my experience of teaching an open source class at RPI and the work that&nbsp;<a href="http://www.osehra.org/" style="color: rgb(102, 153, 204); line-height: 1.4em;" target="_blank" title="OSEHRA">OSEHRA</a>&nbsp;was doing on further promoting the use of open source software in healthcare. Among other topics of discussion was the need to educate college students on the basic concepts of NoSQL databases.The concern was coming from the now&nbsp;<a href="http://opensource.com/health/12/2/join-m-revolution" style="color: rgb(102, 153, 204); line-height: 1.4em;" target="_blank" title="Join M revolution">widespread use of the M database across healthcare applications</a>&nbsp;and the lack of awareness about M in the academic community&mdash;most courses focus on Relational Databases. It is worth pointing out that M is both a language and a database, more specifically, a hierarchical NoSQL database, and it is used in thousands of clinical facilities worldwide.</p>\r\n\r\n<p>Dima Kassab, who was one of the organizers for the Open Source Festival 2012, was preparing her fall class on databases at SUNY Albany in early July, and she had the initiative to include in her syllabus the topics of &quot;open source NoSQL databases.&quot; Her motivation was twofold: to expose students to the new NoSQL technologies and to the use of open source software.&nbsp;We agreed to work together to prepare hands-on sessions on open source databases that were to be included as activities in the Fall semester.</p>\r\n\r\n<h2>Challenges</h2>\r\n\r\n<p>At the Informatics Department in the State University of New York, University at Albany, other instructors like, David Adkins and Alexander Jurkat, were very excited to introduce NoSQL databases to students. Others were more reluctant because they were not sure if learning about these databases would be the best fit for their Information Science major students or if the course was mature enough to be included in the curriculum.</p>\r\n\r\n<p>Alex, David, and Dima had meetings to discuss how to approach teaching NoSQL databases, and the main challenge they had was the lack of educational materials in this area. For all of them, this was the first time working with many of these databases under the NoSQL category. They had various meetings to decide which databases they should focus on, in what sequence these databases should be introduced to students, and how much time should be devoted to these databases.</p>\r\n\r\n<p>Plus, students are hesitant when they are first introduced to NoSQL databases because&nbsp;standard database courses have incorporated little to no NoSQL material. This creates a disconnection between what students are learning in their formal courses in college and what it is being used in industry&mdash;where NoSQL databases are gaining adaption to complement applications in which they overperform relational databases.</p>\r\n\r\n<h2>Designing the course</h2>\r\n\r\n<p>The course was built on the experience that Dima Kassab had with Team Based Learning (TBL) and my experience in organizing hands-on tutorials in conferences and practical activities in the open source software practice class at RPI. TBL turns out to be extremely compatible with open source practices because it is rooted in empowering students to take control of their own learning process. It engages students and drives discussions in groups and self-directed activities.</p>\r\n\r\n<p>We immediately agreed on doing hands-on exercises that will familiarize the students via direct experience with the concepts and uses of open source NoSQL databases. And we built on previous experiences we had using&nbsp;<a href="http://sphinx-doc.org/" style="color: rgb(102, 153, 204); line-height: 1.4em;" target="_blank" title="Sphinx">Sphinx</a>&nbsp;(the RST-based documentation system of Python) with hand-on exercises pre-configured in Virtual Machines or in servers in the Cloud.</p>\r\n\r\n<p>Next, we decided to store all of our materials in a Github repository. The easy RST text markup used by Sphinx makes it easy to compose pages that look nice, and that can be easily maintained in a revision control system. We chose to adopt the CC BY 3.0 License for the texts and Apache 2.0 License for all code snippets. Our hope is that this will facilitate reuse by others, as well as collaborations with anyone interested in helping improve the tutorial materials.&nbsp;The current version of the Tutorial is&nbsp;<a href="https://www.opensourcesoftwarepractice.org/OSDB-Tutorial/" style="color: rgb(102, 153, 204); line-height: 1.4em;" target="_blank" title="Tutorial">here</a>&nbsp;and the repository is&nbsp;<a href="https://github.com/OSEHR/open-source-databases-tutorial" style="color: rgb(102, 153, 204); line-height: 1.4em;" target="_blank" title="Github">here</a>.&nbsp;</p>\r\n\r\n<p>To avoid being biased towards any particular database, we wanted to follow<a href="http://www.oscon.com/oscon2012/public/schedule/speaker/141767" style="color: rgb(102, 153, 204); line-height: 1.4em;" target="_blank" title="Andrew Kolleger">Andreas Kolleger</a>&#39;s approach in his OSCON talk: &quot;<a href="http://www.oscon.com/oscon2012/public/schedule/detail/24219" style="color: rgb(102, 153, 204); line-height: 1.4em;" target="_blank" title="Past, Present and Future of NoSQL">Past, Present and Future of NoSQL</a>&quot;, a great&nbsp;presentation on the spectrum of NoSQL databases in a common context that made it much clearer what the pros and cons are for different applications; he also hinted to how the landscape may evolve in the near future.</p>\r\n\r\n<p>That lead to us discovering the excellent book &quot;Seven Databases in Seven Weeks&quot; by Eric Redmond and Jim R. Wilson.&nbsp;We appreciated its friendly comparative overview, without database-religious overtones, where the reader can get familiar with many fine databases by doing practical hands-on exercises. It is refreshing to read an objective database comparison that goes beyond the tired conversation of &quot;My Database is Better than Yours.&quot; Redmond and Wilson achieved this with great style, covering: PostgresSQL, Riak, HBase, MongoDB, CouchDB, Neo4J, and Redis.</p>\r\n\r\n<p>We then started crafting an online tutorial, with hands on exercises. Our version of &quot;<a href="http://shop.oreilly.com/product/9781934356920.do" style="color: rgb(102, 153, 204); line-height: 1.4em;" target="_blank" title="Seven Databases in Seven Weeks">Seven Databases in Seven Weeks</a>&quot; was the transformation of &quot;weeks&quot; into &quot;classes&quot;, adding a database to the list (M), and because one semester&#39;s time was not enough, we began with &quot;three databases in three classes.&quot; The first three picks were: MongoDB, Neo4J, and M.&nbsp;To facilitate the practical session, we put together a Linux server in the&nbsp;<a href="http://aws.amazon.com/ec2/" style="color: rgb(102, 153, 204); line-height: 1.4em;" target="_blank" title="Amazon EC2 Cloud">Amazon EC2 cloud</a>&nbsp;and accounts were created for every student.</p>\r\n\r\n<h2>Day one and two of class</h2>\r\n\r\n<p>Our first class took place on Tuesday, November 6th with 23 students at the<a href="http://www.albany.edu/informatics/" style="color: rgb(102, 153, 204); line-height: 1.4em;" target="_blank" title="Informatics at SUNY Albany">Informatics Department of SUNY Albany</a>&nbsp;and covered&nbsp;<a href="https://www.opensourcesoftwarepractice.org/OSDB-Tutorial/MongoDB/index.html" style="color: rgb(102, 153, 204); line-height: 1.4em;" target="_blank" title="MongoDB coursework">our MongoDB coursework</a>. The second class was held on Thursday, November 8th and covered&nbsp;<a href="https://www.opensourcesoftwarepractice.org/OSDB-Tutorial/Neo4J/index.html" style="color: rgb(102, 153, 204); line-height: 1.4em;" target="_blank" title="Neo4j coursework">our Neo4j coursework</a>. Our last class of this group will be on Tuesday, November 13th and cover M.</p>\r\n\r\n<p>Our early assessment of the sessions is that the actual exercises require more than one hour to be executed properly. From our current design of activities we probably need two or three hours to complete the exercises of populating the database, querying in various forms, and then discussing among the groups using TBL practices.</p>\r\n\r\n<p>If only an hour is allocated, to make the classes fit we propose that the database should be populated before the class and that the class itself be focused on querying exercises. It is quite essential to preserve the time for the TBL group discussions to take place, given that the NoSQL concepts are a paradigm shift from what the students have already been exposed to as they studied the Relational model.</p>\r\n\r\n<p>One tempting option is to allow the students to follow the tutorial instructions as a homework activity before the class, and then focus the class on holding discussions and focusing on further hands-on exercises. This is guided by the approach advocated by Salman Kahn (the founder of Kahn Academy) in his book, &quot;<a href="http://www.khanacademy.org/about/blog/post/32756145083/sals-new-book-the-one-world-schoolhouse-education" style="color: rgb(102, 153, 204); line-height: 1.4em;" target="_blank" title="Khan Academy''s The One World School House book">The One World School House</a>,&quot; where students are allowed to work on class material at their own pace and the classroom time is focused on interacting with peers and instructors.</p>\r\n\r\n<p>The experience has been very exciting, and we anticipate progressive improvement as we continue to develop these open course materials, providing practical training on modern databases.</p>\r\n', 'EDU_TeachingOS.png', 1, 1, 0, '2014-03-29 00:59:07', NULL),
(28, 'An open source, infinitely scalable Relational Database Management System (RDBMS)', '<p style="text-align: center;"><img alt="" src="/upload/images/openwires_fromRHT_520_0612LL.png" style="height:292px; width:520px" /></p>\r\n\r\n<p>InfiniSQL is a massively scalable relational database system (RDBMS), composed entirely from scratch (not built upon some other technology). There is reproducible benchmark data described on InfiniSQL&#39;s&nbsp;<a href="http://www.infinisql.org/blog" style="color: rgb(102, 153, 204); line-height: 1.4em;" target="_blank" title="blog">blog</a>&nbsp;proving that it can perform over 500,000 complex, multi-node transactions per second with over 100,000 simultaneous transactions&mdash;all on only 12 small server nodes.</p>\r\n\r\n<p>The limitation of 12 nodes was budgetary: this is an open source project entirely funded out of pocket, and not part of an institution. If I had access to more servers, I&#39;m positive that scalability would grow much higher. But those kinds of details are on the blog. The bottomline is that this is a very high performance system, and in its infancy.</p>\r\n\r\n<p>The only open source software which is remotely similar to InfiniSQL is MySQL Cluster. I believe that InfiniSQL scales and performs better than MySQL Cluster for many operations, especially transactions that contain records on multiple nodes. But, I have done no direct apples to apples comparisons between InfiniSQL and MySQL Cluster and welcome any data to that effect. I may do such benchmarking in the near future, as time allows. The purpose of this article is not to disparage MySQL Cluster (or any other product), but rather to explain the advantages of InfiniSQL, and what sets it apart.</p>\r\n\r\n<p>I am a long time Linux user. My first distribution came on 30+ 1.44MB floppy disks from a company called SoftLanding Systems. The Linux kernel was version 0.99 something, and I loaded it on my beige box 80386 system with 4MB of RAM. I had to fiddle with /usr/X11R6/etc/Xconfig to get my monitor to provide a graphical interface (and, I nearly fried it). That&#39;s how old I am. I have worked for many years as a sysadmin. Most recently, at Visa Corporation.</p>\r\n\r\n<p>There, I was the capacity planner and performance engineer for their online division called CyberSource. I&#39;ve architected, configured, maintained, and troubleshot very high volume, 24x7, mission-critical environments, where every<em>second&nbsp;</em>of downtime meant many thousands of dollars of lost revenue for our customers. As anybody familiar with complex environments knows, the biggest pain points often come from the backend database systems that handle the transaction and reporting workloads. Traditional database systems have very serious architectural flaws which make them nearly impossible to scale beyond a single server; it&#39;s very difficult and expensive to make them continuously available.</p>\r\n\r\n<p>I felt that I could do better.</p>\r\n\r\n<p>I began to design InfiniSQL as an open source project because&nbsp;I believe it will get the most users, will acquire the best developers, and will grow in time to have the capabilities and features to be the RDBMS of choice for people who only currently use large, expensive, and proprietary systems. That&#39;s how Linux grew to displace proprietary operating systems running on expensive servers.</p>\r\n\r\n<p>Eventually had to choose between my full-time, comfortable job or following my passion, and in&nbsp;March of 2013 I quit my job at Visa. I just recently began telling people outside of my closest circle of friends a few days ago, because until now the project wasn&#39;t in a suitable state for consumption (but it is still in alpha). As<a href="http://en.wikipedia.org/wiki/Eric_S._Raymond" style="color: rgb(102, 153, 204); line-height: 1.4em; letter-spacing: 0px;" target="_blank" title="Eric S. Raymond on Wikipedia">Eric Raymond</a>&nbsp;said, &quot;release early, release often.&quot;&nbsp;</p>\r\n\r\n<p>There are a handful of closed source companies that have features similar to<a href="http://www.infinisql.org/" style="color: rgb(102, 153, 204); line-height: 1.4em;" target="_blank" title="website">InfiniSQL</a>, so it is comparable in many respects yet superior in other ways to these offerings. InfiniSQL is also not as far along in development. Similar closed source offerings have already received hundreds of millions in funding, enabling them a higher capacity to hire. InfiniSQL&#39;s use cases are mainly for high volume data collection, analysis, and transaction processing. If your environment has a mix of SQL and NoSQL, it&#39;s very likely that InfiniSQL can be used for both type of workloads. This is because InfiniSQL performs like many fast NoSQL systems, but still speaks SQL and performs transaction processing, unlike NoSQL. In fact, InfiniSQL speaks the PostgreSQL Frontent/Backend Protocol (PostgreSQL client drivers will work with InfiniSQL) because&nbsp;the beauty of open source allowed me to use their open protocol in InfiniSQL. This has saved me time in writing functional, mature, and cross-platform client drivers.</p>\r\n\r\n<p>My goal now is to tell as many people as possible about InfiniSQL and invite them to learn and participate in any way they wish. I am looking for co-developers (C++ and Python) and people willing to download and test it. There is over 100 pages of documentation, including a guide on how to configure a Linux x86-64 environment and build, run, and test InfiniSQL.&nbsp;<a href="http://www.infinisql.org/" style="color: rgb(102, 153, 204); line-height: 1.4em;" target="_blank" title="website, contact">InfiniSQL</a>&nbsp;is also entirely written from the ground up, and it is not based on another product, either open or proprietary. There&#39;s already 35,000+ lines of code, and that&#39;s just the beginning.</p>\r\n', 'openwires_fromRHT_520_0612LL.png', 1, 1, 0, '2014-03-29 01:14:59', NULL),
(29, 'Teaching students to work on state of the art NoSQL databases', '<p style="text-align: center;"><img alt="" src="/upload/images/EDUCATION_open_university_2.png" style="height:292px; width:520px" /></p>\r\n\r\n<p>In a&nbsp;<a href="http://opensource.com/education/12/11/open-course-open-source-nosql-databases" style="color: rgb(102, 153, 204); line-height: 1.4em;" target="_blank" title="education for the real world">recent post</a>, I&nbsp;introduced an initiative, along with Dima Kassab, for teaching open source NoSQL databases. We collaborated to prepare course materials for three NoSQL databases to 22 students at the&nbsp;<a href="http://www.albany.edu/informatics/" style="color: rgb(102, 153, 204); line-height: 1.4em;" target="_blank" title="Informative SUNY Albany">Informatics Department of SUNY Albany</a>,&nbsp;and we made all those material available under a Creative Commons by Attribution License.</p>\r\n\r\n<p>We covered&nbsp;<a href="https://www.opensourcesoftwarepractice.org/OSDB-Tutorial/MongoDB/index.html" style="color: rgb(102, 153, 204); line-height: 1.4em;" target="_blank" title="MongoDB">MongoDB</a>&nbsp;in the first session and&nbsp;<a href="https://www.opensourcesoftwarepractice.org/OSDB-Tutorial/Neo4J/index.html" style="color: rgb(102, 153, 204); line-height: 1.4em;" target="_blank" title="Neo4j">Neo4j</a>&nbsp;in the second. The third session took place on November 13, 2012 and focused on the&nbsp;<a href="https://www.opensourcesoftwarepractice.org/OSDB-Tutorial/M/index.html" style="color: rgb(102, 153, 204); line-height: 1.4em;" target="_blank" title="M database">M database</a>&mdash;whose importance in healthcare and financial applications&nbsp;<a href="http://opensource.com/health/12/2/join-m-revolution" style="color: rgb(102, 153, 204); line-height: 1.4em;" target="_blank" title="Join the M revolution">I&#39;ve discussed</a>.</p>\r\n\r\n<p>The sequential introduction of these databases&nbsp;benefited from following the same data example&mdash;how to manage a database of Movies&mdash;as it was modeled to fit in the framework of each one of these powerful databases. It was quite useful to be able to contrast the databases among themselves and with the Relational approach to data modeling.</p>\r\n\r\n<ol>\r\n	<li>MongoDB : a document database</li>\r\n	<li>Neo4j: a graph database</li>\r\n	<li>M: a hierarchical database</li>\r\n</ol>\r\n\r\n<h2>The command line</h2>\r\n\r\n<p>During our first session on MongoDB, we planned hands-on exercises based on interactions at the command line level. They included topics such as&nbsp;<a href="https://www.opensourcesoftwarepractice.org/OSDB-Tutorial/MongoDB/Update.html" style="color: rgb(102, 153, 204); line-height: 1.4em;" target="_blank" title="MongoDB insertion records">insertion of records</a>,&nbsp;<a href="https://www.opensourcesoftwarepractice.org/OSDB-Tutorial/MongoDB/Read.html" style="color: rgb(102, 153, 204); line-height: 1.4em;" target="_blank" title="MongoDB insertion queries">queries</a>, and&nbsp;<a href="https://www.opensourcesoftwarepractice.org/OSDB-Tutorial/MongoDB/Update.html#id1" style="color: rgb(102, 153, 204); line-height: 1.4em;" target="_blank" title="MongoDB insertion of updates">updates</a>. Since many of these exercises involved typing commands using the&nbsp;<a href="https://www.opensourcesoftwarepractice.org/OSDB-Tutorial/MongoDB/JSON.html#json" style="color: rgb(102, 153, 204); line-height: 1.4em;" target="_blank" title="JSON notation">JSON notation</a>, we found that a lot more time was used for the exercises than we initially anticipated. This is not a criticism of the JSON format, which actually we found to be quite intuitive and easy to assimilate for the students, but rather an observation of the fact that when we need to type a good number of curly brackets, double quotes, commas, and colons, all in the right places, a significant amount of time goes to composing the line in the screen, and this effort distracts students from the actual interaction with the database&mdash;which is supposed to be the focus of the exercise.</p>\r\n\r\n<p>We also found that students are not very familiar with the use of the command line itself. A finding that was curiously a topic of discussion at the&nbsp;<a href="https://openhatch.org/blog/2012/openhatch-goes-to-rpi-concluding-our-spring-2012-university-tour/" style="color: rgb(102, 153, 204); line-height: 1.4em;" target="_blank" title="OpenHatch goes to RPI, concluding our Spring 2012 university tour">Open Source workshop at RPI</a>&nbsp;on April 2012 organized by&nbsp;<a href="https://openhatch.org/" style="color: rgb(102, 153, 204); line-height: 1.4em;" target="_blank" title="OpenHatch">OpenHatch</a>. We have found that students in engineering do not necessarily get introduced to the use of the command line, and unfortunately spend too much of their time interacting with GUIs, IDEs, and more recently, Web interfaces. These last ones are all fine... but... a &quot;geek&quot; should know the command line in order to be proficient and to get access to the power tools of the trade. Something must be done on this front in the academic community; there are some efforts from our&nbsp;<a href="http://insightsoftwareconsortium.github.com/ITKBarCamp-doc/Cxx/CommandLineUsage.html#" style="color: rgb(102, 153, 204); line-height: 1.4em;" target="_blank" title="BarCamp project">ITK BarCamp project</a>.</p>\r\n\r\n<p>The distractions with the command line affected the speed with which we had anticipated to run the hands-on exercises, and consumed some of the time that we had initially allocated for&nbsp;<a href="http://www.teambasedlearning.org/" style="color: rgb(102, 153, 204); line-height: 1.4em;" target="_blank" title="Team Based Learning">TBL group discussions</a>.</p>\r\n\r\n<p>Not having the time to introduce specific training on the use of the command line, in the second session, when covering Neo4j, we ironically focused on using the&nbsp;<a href="https://www.opensourcesoftwarepractice.org/OSDB-Tutorial/Neo4J/Create.html#webadmin" style="color: rgb(102, 153, 204); line-height: 1.4em;" target="_blank" title="web interface">web interface</a>&nbsp;in order to interact with the database. In the case of the Graph database, we found extremely helpful the&nbsp;<a href="https://www.opensourcesoftwarepractice.org/OSDB-Tutorial/Neo4J/Create.html#graphics-style" style="color: rgb(102, 153, 204); line-height: 1.4em;" target="_blank" title="Graph database">graphic representation</a>&nbsp;that displays the current state of nodes and relationships in the graph. Data entry and simple queries were also done via the&nbsp;<a href="https://www.opensourcesoftwarepractice.org/OSDB-Tutorial/Neo4J/Create.html#data-browser" style="color: rgb(102, 153, 204); line-height: 1.4em;" target="_blank" title="data browser">data browser</a>&nbsp;provided in the web interface. For advanced queries, we used the&nbsp;<a href="https://www.opensourcesoftwarepractice.org/OSDB-Tutorial/Neo4J/Read.html#gremlin" style="color: rgb(102, 153, 204); line-height: 1.4em;" target="_blank" title="Gremlin">Gremlin command line</a>&nbsp;built-in the web interface. Gremlin allowed us to compose queries for very interesting questions, such as: &quot;List the movies that friends of your friends like.&quot;</p>\r\n\r\n<h2>The server</h2>\r\n\r\n<p>Making a server available where the students could login to perform their practical exercises turned out to be surprisingly difficult. We approached this by setting a Linux machine in the Amazon EC2 cloud. And faced the fact that basic security practices got in the way of the training.</p>\r\n\r\n<p>Yes, we are aware that security is important when in production, but... this made us wish for a &quot;<a href="http://en.wikipedia.org/wiki/Hackerspace" style="color: rgb(102, 153, 204); line-height: 1.4em;">Hackerspace</a>&quot; server where students could work in a sandbox environment without having to deal with passwords and ssh keys. In that way, we could have focused the learning on the schema-free aspects of the databases, and not dedicate time to making sure each one gained access to the server. Particularly given that the server would be a disposable one, intended only to be used in the class.&nbsp;</p>\r\n\r\n<p>This experience was consistent with the challenges we faced when doing practical work in our Open Source Software Practices class at RPI. There was a need for &quot;access to servers&quot; intended to be used for student work, where security and structure can be sacrificed in exchange for agility and ease of access.</p>\r\n\r\n<h2>Working in the common database</h2>\r\n\r\n<p>In all the course sessions (MongoDB, Neo4j, and M), the server was purposely set up in such a way that all the students were adding data to the same database. This was done with the goal of letting them see how the data grew as all of them worked together. This was successful from the point of view of showing that a real database installation will get continuous updates from many different users, and that issues such as data inconsistency and duplication will naturally arise. The collaboration with the group was also a glimpse on how a large number of participants can work together in an open source community.</p>\r\n\r\n<h2>M, a hierarchical database (our third session)</h2>\r\n\r\n<p>The introduction of&nbsp;<a href="https://www.opensourcesoftwarepractice.org/OSDB-Tutorial/M/DataModel.html#hierarchical" style="color: rgb(102, 153, 204); line-height: 1.4em;" target="_blank" title="Hierarchical database concepts">M and the hierarchical database concepts</a>&nbsp;went very smoothly in the third session. We found that once the students had been exposed to the&nbsp;<a href="https://www.opensourcesoftwarepractice.org/OSDB-Tutorial/MongoDB/DataModel.html" style="color: rgb(102, 153, 204); line-height: 1.4em;" target="_blank" title="document data model">document</a>&nbsp;and&nbsp;<a href="https://www.opensourcesoftwarepractice.org/OSDB-Tutorial/Neo4J/DataModel.html" style="color: rgb(102, 153, 204); line-height: 1.4em;" target="_blank" title="graph data model">graph</a>&nbsp;paradigms, the&nbsp;<a href="https://www.opensourcesoftwarepractice.org/OSDB-Tutorial/M/DataModel.html" style="color: rgb(102, 153, 204); line-height: 1.4em;" target="_blank" title="hierarchical data model">hierarchical</a>&nbsp;one was easy to absorb.</p>\r\n\r\n<p>During the exercises we used minimal features of the&nbsp;<a href="https://www.opensourcesoftwarepractice.org/M-Tutorial/" style="color: rgb(102, 153, 204); line-height: 1.4em;" target="_blank" title="M tutorial">M language</a>, and purposely focused on differentiating the language&mdash;from the hierarchical aspects of the M database itself.</p>\r\n\r\n<p>One of the main changes we introduced in this third session was the use of two specific&nbsp;<a href="https://www.opensourcesoftwarepractice.org/OSDB-Tutorial/M/Lessons.html" style="color: rgb(102, 153, 204); line-height: 1.4em;" target="_blank" title="M lessons">step-by-step lessons</a>. This was done in response to the observation that attention was diluted when we expected students to do a combination of reading and hands-on exercises in an 80-minute class. This worked nicely, because with the lessons more time was dedicated to interacting directly with the database. In retrospect, most of the tutorial reading could have been incorporated in the homework that students regularly did to prepare for a TBL session. This again would be consistent with the approach that Salman Khan puts forward in&nbsp;<a href="http://www.khanacademy.org/" style="color: rgb(102, 153, 204); line-height: 1.4em;" target="_blank" title="Kahn Academy">Kahn Academy</a>, where the&nbsp;<a href="http://www.ted.com/talks/salman_khan_let_s_use_video_to_reinvent_education.html" style="color: rgb(102, 153, 204); line-height: 1.4em;" target="_blank" title="role of homework and classwork in Khan Academy">role of homework and classwork are reinvented</a>.</p>\r\n\r\n<h2>Why open source</h2>\r\n\r\n<p>The choice of using open source databases for this course was based on the following principles:</p>\r\n\r\n<ul>\r\n	<li>These are databases that are widely used in industry and government.</li>\r\n	<li>The licenses allowed us to make unfettered use of them for academic purposes.</li>\r\n	<li>Their installation and configuration was within the reach of the class instructors.</li>\r\n	<li>Students will have access to them any time with the simple effort of installation.</li>\r\n</ul>\r\n\r\n<p>There is also, of course, our commitment and conviction that open source and education go hand-in-hand and promote each other.</p>\r\n\r\n<p>Today, academic institutions are not taking as much advantage as they could from the powerful resources made available everywhere by open source projects. On the other hand, open source communities are also missing the opportunity to engage the minds of young bright college students who can make great contributions to open projects.</p>\r\n\r\n<h2>Wrapping up</h2>\r\n\r\n<p>A fourth and final session was held on Thursday November 15th to wrap up the series. Students reviewed the concepts of the three NoSQL databases and evaluated their experience of the sessions themselves (more on this soon).</p>\r\n\r\n<p>We plan to repeat some of the sessions in another database class at&nbsp;<a href="http://www.albany.edu/informatics/" style="color: rgb(102, 153, 204); line-height: 1.4em;" target="_blank" title="Informatics and Computing at SUNY">SUNY</a>&nbsp;by the end of November, and also in a class in the MBA program on the first week of December.</p>\r\n\r\n<p>For the Spring semester, we are planning on incorporating the concepts of databases with web front ends, since they are such a common approach today for deploying applications in production. Think of the LAMP stack, for example.</p>\r\n\r\n<p>This resonates with some of the&nbsp;<a href="http://www.khanacademy.org/talks-and-interviews/v/sal-on-airtalk-talking-about-his-new-book" style="color: rgb(102, 153, 204); line-height: 1.4em;" target="_blank" title="Khan''s comments">comments that Salman Khan makes</a>&nbsp;in his book, regarding the current artificial compartmentalization of education. Here we have a case where web design and databases are taught as two separate topics, despite the fact that in practice they are usually deployed together as part of one common application. One could argue then, that a database class and a web development class should be more tightly integrated in order to reflect the reality of engineering and business practices.</p>\r\n', 'EDUCATION_open_university_2.png', 1, 1, 0, '2014-03-29 01:19:37', NULL);
INSERT INTO `news` (`id`, `title`, `body`, `sliderImage`, `categoryId`, `createdBy`, `updatedBy`, `createdOn`, `updatedOn`) VALUES
(30, 'Blue Drop Awards: Community recognition the open source way', '<p style="text-align: center;"><img alt="" src="/upload/images/bluedropawards.png" style="height:292px; width:520px" /></p>\r\n\r\n<p>The first-ever&nbsp;<a href="http://www.bluedropawards.org/" style="color: rgb(102, 153, 204); line-height: 1.4em;" target="_blank" title="Blue Drop Awards">Blue Drop Awards</a>&nbsp;are how the Drupal community recognizes peers for pushing open source content management to the limit. The awards are more than recognition--they&rsquo;re a clever way to help market this&nbsp;<a href="http://opensource.com/life/11/3/pulse-drupal-community-after-10-years" style="color: rgb(102, 153, 204); line-height: 1.4em;" target="_blank" title="growing open source community">growing open source community</a>. And we already know that&nbsp;<a href="http://opensource.com/government/12/2/open-source-drupalcon-denver" style="color: rgb(102, 153, 204); line-height: 1.4em;" target="_blank" title="Drupal and open source go hand-in-hand">Drupal and open source go hand-in-hand</a>.</p>\r\n\r\n<p>We caught up with Ben Finklea, CEO at&nbsp;<a href="http://www.volacci.com/" style="color: rgb(102, 153, 204); line-height: 1.4em;" target="_blank" title="Volacci">Volacci</a>, a leader in the Blue Drop Awards effort. These community-driven awards have gained a lot of momentum over the last few weeks. It&#39;s even making noise beyond the Drupal community.</p>\r\n\r\n<p>We wanted to ask a few questions about the effort. We jumped on a quick call with Finklea to discuss the awards, the process, and the recently extended deadline. Here&rsquo;s what he had to say about this inspirational community effort.</p>\r\n\r\n<p><strong>What are the Blue Drop Awards?</strong></p>\r\n\r\n<p>It is, first and foremost, a vehicle to shine a spotlight on the Drupal community and raise our profile outside of the usual circles that already know Drupal. We&#39;ve created a community-nominated, community-voted event that aims to publicly recognize individuals, companies, and projects that have pushed the limits and maximized the capabilities of Drupal. When the awards part is over, we&rsquo;re going to use the winning entries to create whitepapers, demo sites, and other marketing materials that any Drupal company can use to market and sell themselves and Drupal.</p>\r\n\r\n<p><strong>Who can submit a nominee?</strong></p>\r\n\r\n<p>The short answer is: the Drupal community. That basically means anyone who has a&nbsp;<a href="http://drupal.org/" style="color: rgb(102, 153, 204); line-height: 1.4em;" title="Drupal.org">Drupal.org</a>&nbsp;account (we check). So far, we&rsquo;ve received over 100 nominations from a variety of Drupal projects and the people behind them. They&rsquo;re all good but some of them are fantastic--they do a great job showing what is possible with Drupal. That&rsquo;s the idea, of course. Each nomination has a &lsquo;how it was done&rsquo; section so that those who are already actively using Drupal can learn how others are building their projects.</p>\r\n\r\n<p><strong>When is the deadline?</strong></p>\r\n\r\n<p>The deadline for nominations for the 2012 inaugural awards has been extended to March 22. Originally, we launched the website on February 21 and set the deadline for two weeks later. We found that was too aggressive and that there were still a lot of people in the community who hadn&rsquo;t even heard of the awards yet, much less prepared to submit a nomination. We figured that more community involvement was the most important thing and a lot of people asked us to extend the deadline so they could get permission from their customers.</p>\r\n\r\n<p>With the new deadline, we allow time for&nbsp;<a href="http://denver2012.drupal.org/" style="color: rgb(102, 153, 204); line-height: 1.4em;" target="_blank" title="DrupalCon Denver">DrupalCon Denver</a>&nbsp; attendees to learn about the awards and get their submissions in. In fact, we&rsquo;ll be taking nominations in the Blue Drop Awards booth at Drupalcon if you happen to be there.</p>\r\n\r\n<p><strong>What criteria is used by the judges to select the winners?</strong></p>\r\n\r\n<p>It has to be run on Drupal (obviously) and launched between January 15, 2011 and February 15, 2012. Interestingly, the judges don&#39;t select the winners. The community does. The nominating committee will narrow the list of nominees in each category to ten. Then, we open up to the Drupal community for voting. Each person gets one vote in each category and one vote for the 2012 Drupal Website of the Year.</p>\r\n\r\n<p>Categories include best websites in (links follow:)&nbsp;<a href="http://www.bluedropawards.org/best-enterprise-website-built-with-drupal/nominees" style="color: rgb(102, 153, 204); line-height: 1.4em;" target="_blank" title="enterprise">enterprise</a>,&nbsp;<a href="http://www.bluedropawards.org/best-business-website-built-with-drupal/nominees" style="color: rgb(102, 153, 204); line-height: 1.4em;" target="_blank" title="business">business</a>,<a href="http://www.bluedropawards.org/best-marketplace-website-built-with-drupal/nominees" style="color: rgb(102, 153, 204); line-height: 1.4em;" target="_blank" title="marketplace">marketplace</a>,&nbsp;<a href="http://www.bluedropawards.org/best-social-website-built-with-drupal/nominees" style="color: rgb(102, 153, 204); line-height: 1.4em;" target="_blank" title="social">social</a>,&nbsp;<a href="http://www.bluedropawards.org/best-non-profit-education-website-built-with-drupal/nominees" style="color: rgb(102, 153, 204); line-height: 1.4em;" target="_blank" title="non-profit/education">non-profit/education</a>,&nbsp;<a href="http://www.bluedropawards.org/best-media-website-built-with-drupal/nominees" style="color: rgb(102, 153, 204); line-height: 1.4em;" target="_blank" title="media">media</a>,&nbsp;<a href="http://www.bluedropawards.org/best-personal-website-built-with-drupal/nominees" style="color: rgb(102, 153, 204); line-height: 1.4em;" target="_blank" title="personal">personal</a>, and&nbsp;<a href="http://www.bluedropawards.org/best-interesting-website-built-with-drupal/nominees" style="color: rgb(102, 153, 204); line-height: 1.4em;" target="_blank" title="interesting">interesting</a>(&#39;interesting&#39; is our miscellaneous category). And, of course, Best Drupal Website of 2012.</p>\r\n\r\n<p>The nominating committee will evaluate the nominations based on objective considerations that include Drupal innovation, Drupal best practices, content, structure and navigation, visual design, functionality, and overall experience.</p>\r\n\r\n<p>View the&nbsp;<a href="http://www.bluedropawards.org/nomination-requirements" style="color: rgb(102, 153, 204); line-height: 1.4em;" target="_blank" title="full list of requirements">full list of requirements</a>.</p>\r\n\r\n<p><strong>How does initiative employ the open source way?</strong></p>\r\n\r\n<p>I&#39;ve been in the Drupal community for over six years now, but I&rsquo;m not a coder, developer, graphic artist, or designer. I&rsquo;m a marketer. What struck me was that open source projects generally do a poor job of marketing themselves compared to large enterprise software projects with deep pockets. Well, what would happen if we applied open source principles to marketing?</p>\r\n\r\n<p>Over the last year or so, the community has realized that we need to band together and market ourselves as a whole instead of as 1,000 different parts. Out of that came the idea for Blue Drop Awards. As the CEO of Volacci, an Internet marketing company, it was natural that we be the ones to bring this to life. But this is a community project. So far, we&rsquo;ve had a handful of volunteers from the community step up to help out--and we&rsquo;re seeking more.</p>\r\n\r\n<p>One example is the Blue Drop Awards website. I built the original site using Drupal Gardens,&nbsp; but I&rsquo;m not a designer. I asked my friend and Drupal Gardens diva&nbsp;<a href="http://www.susanmacphee.com/" style="color: rgb(102, 153, 204); line-height: 1.4em;" target="_blank" title="Susan MacPhee">Susan MacPhee</a>&nbsp;to help us out. Now we have a site that could actually compete in the contest.</p>\r\n\r\n<p>We are completely open and transparent about our process, finances, and our goals for this program. You can read all about it on our&nbsp;<a href="http://www.bluedropawards.org/donate" style="color: rgb(102, 153, 204); line-height: 1.4em;" target="_blank" title="donate page">donate page</a>.</p>\r\n\r\n<p><strong>How else can people get involved?</strong></p>\r\n\r\n<p>This is a new project, so right now it&rsquo;s about getting the word out to the community. Spread the word in your own circles, send a tweet about this article, nominate a project, and vote on the nominees starting March 27. If you want to help directly, you could join the nominating committee (spoiler alert, work involved!) or help us out at Drupalcon Denver if you&rsquo;ll be there.</p>\r\n\r\n<p>We also have a category for sponsors called &lsquo;Individual Sponsor.&rsquo; This is only $75 and every penny goes into marketing Drupal. You&rsquo;ll get a nice link and mention on BlueDropAwards.org and undying gratitude from the community.</p>\r\n\r\n<hr />\r\n<p>Finklea and the nominating committee have a lot of work to do. This community effort is a great example of how open source is more than just code, it&rsquo;s about the community. The people that invest their time, knowledge, and expertise deserve some recognition. And open source has a long tradition of giving credit where credit is due.</p>\r\n\r\n<p>With over 100 nominations so far, it was difficult to find just a few to share. But we wanted to give you an idea of the caliber and quality of some of the nominees. Here are three that are under consideration.</p>\r\n\r\n<p><strong>Award category:</strong>&nbsp;Best media website built with Drupal |&nbsp;<a href="http://twit.tv/" style="color: rgb(102, 153, 204); line-height: 1.4em;" target="_blank" title="twit.tv">twit.tv</a></p>\r\n\r\n<p><a href="http://www.bluedropawards.org/best-media-website-built-with-drupal/nominees/twittv" style="color: rgb(102, 153, 204); line-height: 1.4em;" target="_blank" title="twit.tv"><img alt="TWIT.TV" class="mceItem" src="http://opensource.com/sites/default/files/images/life-uploads/twittv_ss.png" style="border:1px solid rgb(194, 192, 193); height:237px; margin:8px; width:480px" title="TWIT.TV" /></a></p>\r\n\r\n<p><strong>Award category:</strong>&nbsp;Best enterprise website built with Drupal |&nbsp;<a href="http://www.energy.gov/" style="color: rgb(102, 153, 204); line-height: 1.4em;" target="_blank" title="energy.gov">energy.gov</a></p>\r\n\r\n<p><a href="http://www.bluedropawards.org/best-enterprise-website-built-with-drupal/nominees/energygov" style="color: rgb(102, 153, 204); line-height: 1.4em;" target="_blank" title="Energy.gov"><img alt="Energy.gov" class="mceItem" src="http://opensource.com/sites/default/files/images/life-uploads/energy.gov_homepage.png" style="border:1px solid rgb(194, 192, 193); height:462px; margin:8px; width:480px" title="Energy.gov" /></a></p>\r\n\r\n<p><strong>Award category:</strong>&nbsp;Best interesting website built with Drupal |&nbsp;<a href="http://www.austintex.com/" style="color: rgb(102, 153, 204); line-height: 1.4em;" target="_blank" title="austintex.com">austintex.com</a></p>\r\n\r\n<p><a href="http://www.bluedropawards.org/best-interesting-website-built-with-drupal/nominees/austintexcom-online-guide-austin-texas" style="color: rgb(102, 153, 204); line-height: 1.4em;" target="_blank" title="AustinTex.com"><img alt="AustinTex.com" class="mceItem" src="http://opensource.com/sites/default/files/images/life-uploads/austintex-ss.jpg" style="border:1px solid rgb(194, 192, 193); height:384px; margin:8px; width:480px" title="AustinTex.com" /></a></p>\r\n\r\n<ul>\r\n	<li><em><a href="http://www.drupal.org/" style="color: rgb(102, 153, 204); line-height: 1.4em;" target="_blank" title="Drupal">Drupal</a>&nbsp;is a registered trademark of&nbsp;<a href="http://buytaert.net/" style="color: rgb(102, 153, 204); line-height: 1.4em;" target="_blank" title="Dries Buytaert">Dries Buytaert</a>.</em></li>\r\n	<li><em>The&nbsp;<a href="http://drupal.org/druplicon" style="color: rgb(102, 153, 204); line-height: 1.4em;" target="_blank" title="Druplicon">Druplicon</a>&nbsp;image is licensed under the&nbsp;<a href="http://drupal.org/licensing/faq" style="color: rgb(102, 153, 204); line-height: 1.4em;" target="_blank" title="GPL License">GPL License</a>.</em></li>\r\n</ul>\r\n', 'bluedropawards.png', 1, 1, 0, '2014-03-29 01:39:59', NULL),
(31, 'Exploring the legal issues around open data and open hardware', '<p>Drafting and using open licenses for data and hardware presents both familiar old challenges (like license proliferation) and new challenges (like less developed legal frameworks and different production models). About thirty people working in these areas recently gathered (under the umbrella of the FSF-E&#39;s&nbsp;<a href="http://fsfe.org/activities/ftf/network.en.html" style="color: rgb(102, 153, 204); line-height: 1.4em; letter-spacing: 0px;" target="_blank" title="European Legal Network">&quot;European Legal Network&quot;</a>) to discuss the latest work in these areas under the&nbsp;<a href="http://en.wikipedia.org/wiki/Chatham_House_Rule" style="color: rgb(102, 153, 204); line-height: 1.4em; letter-spacing: 0px;" target="_blank" title="Chatham House Rules">Chatham House Rules</a>. This article will summarize what the group learned, and, I hope, stimulate discussion to improve the state of licensing in those areas.</p>\r\n\r\n<h2>Similar conditions</h2>\r\n\r\n<p>The legal issues around open data and open hardware have a lot in common with the legal issues around open software. This shouldn&#39;t be surprising, because some of the technological and economic foundations are the same. These include:</p>\r\n\r\n<ul>\r\n	<li><strong>Increased usefulness of information</strong></li>\r\n</ul>\r\n\r\n<p>In our dim, dark past, having information often was not very helpful for individuals or small organizations&mdash;they often lacked key skills or tools to create valuable things out of that information. In open software, this changed years ago with compilers. More recently, in hardware, 3D printing and easier access to contract manufacturers have changed the game; and in data, increased number crunching capabilities, open tools like&nbsp;<a href="http://www.r-project.org/" style="color: rgb(102, 153, 204); line-height: 1.4em; letter-spacing: 0px;" target="_blank" title="The R Project for Statistical Computing">R (programming language)</a>, and increased access to big open data sets like<a href="http://wikidata.org/" style="color: rgb(102, 153, 204); line-height: 1.4em; letter-spacing: 0px;" target="_blank" title="Wikidata">Wikidata</a>&nbsp;and&nbsp;<a href="http://openstreetmap.org/" style="color: rgb(102, 153, 204); line-height: 1.4em; letter-spacing: 0px;" target="_blank" title="Open Street Map">Open Street Map</a>&nbsp;have opened new doors for a very wide variety of data geeks.</p>\r\n\r\n<ul>\r\n	<li><strong>Collaboration happens outside</strong></li>\r\n</ul>\r\n\r\n<p>In the same dim past, collaboration was something that happened primarily within the walls of large organizations. As readers of Opensource.com know quite well, improved communication tools make it possible to collaborate publicly and across organizations. This increased ease of collaboration on any topic&mdash;software, hardware design, and data included&mdash;drives creativity, production, and (unfortunately) legal concerns. It has also broadened who participates&mdash;smaller and smaller organizations, as well as skilled individuals, with a variety of different motivations, have become involved in all of these areas. This is as true for data and hardware as it is for open software.</p>\r\n\r\n<ul>\r\n</ul>\r\n\r\n<h2>Different conditions</h2>\r\n\r\n<p>Despite the key similarities, there are a variety of differences between software, data, and hardware. These practical differences, in turn, drive legal differences:</p>\r\n\r\n<ul>\r\n	<li><strong>Ease of turning &quot;source&quot; information into a useful thing</strong></li>\r\n</ul>\r\n\r\n<p>While it has gotten much easier in many areas to turn &quot;source&quot; information (data, a hardware design, source code) into something useful, this change has not happened uniformly. For very basic physical things,&nbsp;<a href="http://opensource.com/tags/3d-printing" style="color: rgb(102, 153, 204); line-height: 1.4em; letter-spacing: 0px;" target="_blank" title="3D printing | opensource.com">3D printing</a>&nbsp;has dropped the costs of customization down dramatically, and may do so even more&mdash;one participant mentioned that in Japan,&nbsp;<a href="http://3dprintingindustry.com/2013/03/27/fabcafe-japan/" style="color: rgb(102, 153, 204); line-height: 1.4em; letter-spacing: 0px;" target="_blank" title="3d printing cafes">3D printing stores are now a real thing</a>! At the same time, certain basic electronics aren&#39;t exactly easy to create and customize, but it is much easier to find manufacturers and experiment with components than it ever has been before (as my friend&nbsp;<a href="http://libregraphicsworld.org/blog/entry/richard-hughes-on-colorhug-and-being-an-open-hardware-vendor" style="color: rgb(102, 153, 204); line-height: 1.4em; letter-spacing: 0px;" target="_blank" title="Richard Hughes">Richard Hughes</a>&nbsp;has done). But for CPUs of any reasonable complexity/power, billion-dollar fabs for manufacturing are still a prerequisite. (Eli Greenbaum in particular made the point about ease of compilation during our event, and has&nbsp;<a href="http://jipel.law.nyu.edu/2013/04/three-dimensional-printing-and-open-source-hardware/#_intro" style="color: rgb(102, 153, 204); line-height: 1.4em; letter-spacing: 0px;" target="_blank" title="3d printing and open source hardware">written about related issues in 3D printing</a>.)</p>\r\n\r\n<ul>\r\n	<li><strong>Fragmented roles</strong></li>\r\n</ul>\r\n\r\n<p>In open software, most organizations that design software also compile that software, but that&#39;s not always the case. Two open hardware organizations in attendance create extremely detailed hardware specifications, but outsource the actual fabrication of the hardware.&nbsp;This is different from both software and from a lot of traditional hardware development. On the flip side, many open data providers deliberately publish data that by itself is not very useful, with the hope that some outside innovator will find it useful and integrate it into something else. This is again somewhat different from software, where software tends to be published only when it is useful in the form it is published in (albeit sometimes to a small number of people).</p>\r\n\r\n<ul>\r\n	<li><strong>Diversity of technology</strong></li>\r\n</ul>\r\n\r\n<p>In data, standards tend to be pretty well developed, but in &quot;hardware&quot; the technology is all over the place. There are few standards for design data interchange, and people are doing&nbsp;<a href="https://opensource.com/tags/open-hardware" style="color: rgb(102, 153, 204); line-height: 1.4em; letter-spacing: 0px;" target="_blank" title="Open hardware">&quot;open hardware&quot;</a>&nbsp;in such a broad variety of technical domains that it is hard to say that there is one such thing as &quot;open hardware.&quot; It may be often more accurate to speak of open mechanical engineering, open chip design, open connection standards, etc. Lumping all these different things together under the &quot;open hardware&quot; moniker, when they have different technologies, different economics, different motives for participation, etc., may distort our legal thinking.</p>\r\n\r\n<ul>\r\n	<li><strong>Maturity of the legal systems</strong></li>\r\n</ul>\r\n\r\n<p>Despite its flaws, copyright law is relatively well-developed and relatively consistent, having been developed through international treaties for 100 years. In contrast, other legal rights that apply to data and hardware are often not consistently protected, and often are relatively &quot;new&quot; legally speaking&mdash;so they are difficult to interpret. For example, one speaker pointed out that in the U.K., there are&nbsp;<a href="http://en.wikipedia.org/wiki/Design_right" style="color: rgb(102, 153, 204); line-height: 1.4em; letter-spacing: 0px;" target="_blank" title="Design right - Wikipedia, the free encyclopedia">four different design rights</a>&nbsp;that might apply to open hardware designs.&nbsp;<a href="http://en.wikipedia.org/wiki/Sui_generis_database_right" style="color: rgb(102, 153, 204); line-height: 1.4em; letter-spacing: 0px;" target="_blank" title="Sui generis database right - Wikipedia, the free encyclopedia">Database rights</a>&nbsp;are newer, EU-only, and elaborated in only a handful of cases; and&nbsp;<a href="http://en.wikipedia.org/wiki/Integrated_circuit_layout_design_protection" style="color: rgb(102, 153, 204); line-height: 1.4em; letter-spacing: 0px;" target="_blank" title="Integrated circuit layout design protection - Wikipedia, the free encyclopedia">mask rights</a>&nbsp;also apply to hardware and are not consistent. In each of these cases, the fact that the laws were not designed with &quot;open&quot; in mind leads to different, often conflicting problems for open lawyers.</p>\r\n\r\n<ul>\r\n</ul>\r\n\r\n<h2>Old problems</h2>\r\n\r\n<p>Not surprisingly, given that so many issues (and many of the lawyers!) are the same, some old concerns came up repeatedly throughout the day. A few in particular were:</p>\r\n\r\n<ul>\r\n	<li><strong>Proliferation</strong></li>\r\n</ul>\r\n\r\n<p>People are trying to address new problems, so they are writing new licenses and new agreements. This is natural and healthy, as it was early on for open software. The question is whether or not we end up with a healthy diversity of licenses addressing real problems; or whether we get an explosion of vanity licenses, or licenses that exist only to address problems &quot;discovered&quot; by non-experts that experts agree are not actually an issue. There were suggestions during the day that hardware is probably still in the &quot;healthy innovation&quot; phase, given the complexity of issues facing the hardware space, but that data may already be into proliferation.</p>\r\n\r\n<ul>\r\n	<li><strong>Compatibility</strong></li>\r\n</ul>\r\n\r\n<p>Given that one of the key purposes of open licensing is reuse and recombination of materials, compatibility between licenses is important. One theme from the hardware portion of the event is that hardware is so diverse (in terms of both design and manufacture) that compatibility may be less important, and that community norms (i.e., everyone who works in technology X agrees on using license Y) may be able to practically replace formal legal theorizing about compatibility. On the flip side, in data, it may be even more important than in software, and that&nbsp;<a href="http://peterdesmet.com/posts/illegal-bullfrogs.html" style="color: rgb(102, 153, 204); line-height: 1.4em; letter-spacing: 0px;" target="_blank" title="data compatibility problems">problems may already be coming up in practice</a>.</p>\r\n\r\n<ul>\r\n	<li><strong>Third-party rights</strong></li>\r\n</ul>\r\n\r\n<p>The core open software legal tools are typically only effective at organizing rights held by participants; rights held by third parties have always been tricky. In open software, these third-party rights are typically patents. In data and hardware, there will also be design rights, privacy rights, and others; all will potentially require solutions that live partially outside of the tools used by participants, like licenses and&nbsp;<a href="http://lwn.net/Articles/592503/" style="color: rgb(102, 153, 204); line-height: 1.4em; letter-spacing: 0px;" target="_blank" title="certificates of origin">certificates of origin</a>.</p>\r\n\r\n<ul>\r\n	<li><strong>Freedom and openness</strong></li>\r\n</ul>\r\n\r\n<p>It was notable during the event that &quot;free&quot; hardware and data were hardly mentioned at all. This is partially because the event tended to attract lawyers on the pragmatic end of the spectrum, but I think also in part because the case for liberty in those areas has not been forcefully and consistently made in the way that FSF and RMS have consistently advanced those issues in software. Nevertheless, the compromises between principle and pragmatism were often lurking right below the surface, and it is inevitable that this will cause tension down the road, particularly in projects where government and educational interests become major participants (as they may in data).</p>\r\n\r\n<ul>\r\n</ul>\r\n\r\n<h2>Different problems</h2>\r\n\r\n<p>Open source&nbsp;<em>software</em>&nbsp;licensing is now a relatively robust and mature area of the law; it was clear from the event that this is not yet the case for open data and hardware licensing. Some of that is merely because time has passed and expertise has been developed, but after the event I think there are a few key new problems that lawyers in this area will need to wrestle with:</p>\r\n\r\n<ul>\r\n	<li><strong>Heterogeneity</strong></li>\r\n</ul>\r\n\r\n<p>At the end of the day, despite the many differences, the largest software companies and the loneliest hackers are fundamentally both doing the same thing&mdash;software. The big company may use or ship the lone hacker&#39;s code, and the lone hacker may rely on libraries or APIs provided by the big company. In part because of this homogeneity, the instincts of open source license lawyers is to use &quot;one size fits all&quot; legal tools. In hardware, one of my key takeaways from the event is that there are so many different things going on&mdash;different technologies, different motivations for creation&mdash;on that these instincts to simplify and unify may lead us astray. We don&#39;t want to try to fit round mechanical pegs into square chip design holes, for example. In data, I suspect extremely generalized, broad licenses are still the right instinct, but we do have to be careful to test that assumption and not take it for granted.</p>\r\n\r\n<ul>\r\n	<li><strong>Different legal regimes</strong></li>\r\n</ul>\r\n\r\n<p>Experienced open source lawyers have a legal toolkit that in large part depends on well-understood features of copyright law. Our temptation will be to use those same tools in data and hardware, but it was clear after the event that this instinct will sometimes lead us into mistakes. In some cases, we may be able to borrow from other areas of law&mdash;for example, one presenter spoke of using a patent/standards approach for certain classes of hardware; but in other areas (particularly databases), the body of law may be so weakly developed that this is difficult to do, or may have many conflicting requirements and obligations that dealing with them will require more nuance and complexity than is typically possible in standardized, easy-to-understand licenses. These problems also increase the temptation to use contract instead of license law&mdash;which is often problematic both legally and ethically.</p>\r\n\r\n<ul>\r\n	<li><strong>Copyleft</strong></li>\r\n</ul>\r\n\r\n<p>Copyleft/share-alike is a frequent request from open communities, and again, lawyers have a specific set of tools that we&#39;re comfortable using in this area. But these tools will have to be rethought in data and hardware. This is partially for the reasons listed above&mdash;the legal regimes of database rights and design rights give us fewer useful tools and terminology to implement a copyleft in those spaces, for example. But there are also different mechanisms and paths for collaboration in these spaces, which may make legally-enforced copyleft a poor mechanism for encouraging sharing in those places.</p>\r\n\r\n<ul>\r\n</ul>\r\n\r\n<h2>Next steps</h2>\r\n\r\n<p>Open lawyering, like open source development, thrives best when it communicates. In keeping with this tradition, the group agreed that the most important next steps are about improving communication: making sure that we talk with each other about new challenges, new models, and new licenses. Possible forums for this communication include the&nbsp;<a href="http://fsfe.org/activities/ftf/network.en.html" style="color: rgb(102, 153, 204); line-height: 1.4em;" target="_blank" title="European Legal Network">European Legal Network</a>and (for open data) the&nbsp;<a href="http://lists.okfn.org/pipermail/od-discuss/" style="color: rgb(102, 153, 204); line-height: 1.4em;" target="_blank" title="Open Definition''s discussion list">Open Definition&#39;s discussion list</a>. If you&#39;re interested in joining a list (or hopefully attending the next face-to-face meeting),&nbsp;<a href="http://lu.is/contact/" style="color: rgb(102, 153, 204); line-height: 1.4em;" target="_blank" title="Contact Luis Villa">drop me a line</a>! I expect to see a lot of other activity in this space in the near future&mdash;open lawyers are lucky to live in interesting, if challenging, times.</p>\r\n', 'OSDC_Law_balance_open_source.png', 1, 1, 0, '2014-05-19 15:37:17', NULL),
(32, 'Open Government Week starts May 12', '<p>From May 12 - 23, we&#39;ll highlight some great people and projects in open government, open data, and civic hacking. We&#39;ll also provide resources on how you can get involved yourself. To get you started, we created a resource that starts to answer:&nbsp;<em>&quot;<a href="http://opensource.com/resources/open-government" style="color: rgb(102, 153, 204); line-height: 1.4em;" target="_blank" title="What is open government?">What is open government?</a>&quot;</em></p>\r\n\r\n<p>As people begin to think about and implement the idea of government as a platform, citizens often think about government as a vending machine. In a 2009 essay on Techcrunch,&nbsp;<a href="http://techcrunch.com/2009/09/04/gov-20-its-all-about-the-platform/" style="color: rgb(102, 153, 204); line-height: 1.4em;" target="_blank" title="Gov 2.0: It''s All About The Platform"><em>Gov 2.0: It&#39;s All About The Platform</em></a>, Tim O&#39;Reilly said, &quot;Too often, we think of government as a kind of vending machine. We put in our taxes, and get out service: roads, bridges, hospitals, fire brigades, police protection... and when the vending machine doesn&#39;t give us what we want, we protest. Our idea of citizen engagement has somehow been reduced to shaking the vending machine.&quot;</p>\r\n\r\n<p>&nbsp;</p>\r\n\r\n<h4><a href="http://opensource.com/life/14/2/open-government-week" style="color: rgb(0, 0, 0); line-height: 1.4em; font-family: Arial, sans-serif; text-decoration: none;">View the complete collection of Open Government Week articles</a></h4>\r\n\r\n<p>In the book&nbsp;<a href="http://citizenville.com/" style="color: rgb(102, 153, 204); line-height: 1.4em;" target="_blank" title="Citizenville"><em>Citizenville</em></a>, Gavin Newsom talks about how technology puts power in the hands of the people. Newsom argues that the world is changing too quickly for the government to respond and it&#39;s &quot;time to radically rethink the relationship between citizens and government.</p>\r\n\r\n<p>When you see the &quot;open govt&quot; image callout on an article, it is part of our collection of stories for Open Government Week. Share your favorites with friends and colleagues using the hashtag&nbsp;<strong>#opengov,&nbsp;</strong>and check out some of our&nbsp;<a href="http://opensource.com/government" style="color: rgb(102, 153, 204); line-height: 1.4em;" target="_blank" title="latest reports on Open*governmnet">latest reports</a>&nbsp;on open source in government.</p>\r\n\r\n<p><strong>Collection of articles for Open Government Week</strong></p>\r\n\r\n<ul>\r\n	<li><a href="http://opensource.com/government/14/5/transparency-camp-2014" style="color: rgb(102, 153, 204); line-height: 1.4em;" target="_blank" title="by Sunlight Foundation">The best and brightest in open government at TransparencyCamp 2014</a></li>\r\n	<li><a href="http://opensource.com/government/14/5/key-ingredients-government-innovation" style="color: rgb(102, 153, 204); line-height: 1.4em;" target="_blank" title="by Jason Hibbets">Civic hacking is taking off</a></li>\r\n	<li><a href="http://opensource.com/government/14/5/pleio-open-government-social-platform" style="color: rgb(102, 153, 204); line-height: 1.4em;" target="_blank" title="by Dirk Jan van der Wal">A civic-social platform for a new kind of citizen duty</a></li>\r\n	<li><a href="http://opensource.com/government/14/5/lessig-on-government-change" style="color: rgb(102, 153, 204); line-height: 1.4em;" target="_blank" title="by Jen Wike">Hero of open web calls techies to action</a></li>\r\n	<li><a href="http://opensource.com/government/14/5/three-open-government-funders" style="color: rgb(102, 153, 204); line-height: 1.4em;" target="_blank" title="by Adam Levenson">Three big open government funders help launch new ideas</a></li>\r\n	<li><a href="http://opensource.com/government/14/5/open-data-shift-regional-collaboration" style="color: rgb(102, 153, 204); line-height: 1.4em;" target="_blank" title="by Jason Hare">Open data shifts towards regional collaboration</a></li>\r\n	<li><a href="http://opensource.com/government/14/5/fuel-project-provides-linguistic-resources" style="color: rgb(102, 153, 204); line-height: 1.4em;" target="_blank" title="by Rajesh Ranjan ">Technology driven governance just got a little bit smarter</a></li>\r\n	<li><a href="http://opensource.com/government/14/5/national-day-civic-hacking" style="color: rgb(102, 153, 204); line-height: 1.4em;" target="_blank" title="by Ali Llewellyn">Unite with fellow citizens on the National Day of Civic Hacking</a></li>\r\n	<li><a href="http://opensource.com/government/14/5/how-munich-switched-15000-pcs-windows-linux" style="color: rgb(102, 153, 204); line-height: 1.4em;" target="_blank" title="by Linux Voice">How Munich switched 15,000 PCs from Windows to Linux</a></li>\r\n	<li><a href="http://opensource.com/government/14/5/recordtrac" style="color: rgb(102, 153, 204); line-height: 1.4em;" target="_blank" title="by Tamara Manik-Perlman">Open source code helps governments share information with citizens</a></li>\r\n</ul>\r\n', 'osdc_open govt_1109ay.png', 1, 1, 0, '2014-05-19 15:40:37', NULL),
(33, 'Imaging and radiology paves the way for industry adoption of open source', '<p>Open source software in healthcare has been instrumental for sharing common tools and increasing adoption of emerging medical information technology (IT) standards. By leading the effort to digitize health data, imaging informatics has set the precedent for the adoption of the technology industry&#39;s best practices and subsequently open source software.</p>\r\n\r\n<p>The domain of imaging informatics is generally associated with radiology, though other specialties such as cardiology, pathology, and dermatology are also heavily based on medical imaging. Radiology involves both sophisticated medical hardware and software. The &quot;modalities,&quot; such as Computed Tomography (CT), Magnetic Resonance Imaging (MRI) and Computed Radiography (CR/DR, otherwise known as X-Ray), produce images that are interpreted by radiologists. Radiologists are medical doctors with specialized training in imaging, who often use software tools with advanced postprocessing and computer vision functionality to interpret the images.</p>\r\n\r\n<p>The storage and presentation of medical images was one of the first initial challenges in imaging informatics; a typical CT scan today produces thousands of images, which require storage space of ~500MB. A 1000-bed hospital may have more than 1300 radiology examinations done in a single day with an average of 350+ images, and these images need to be stored for at least seven years (different rules apply for pediatrics and mammography) due to Health Insurance Portability and Accountability Act (HIPAA) regulations. Medical images contain several thousand shades of gray and require a higher bit-depth than traditional commercial imaging formats. Picture Archiving and Communication Systems (PACS) emerged to tackle the management of these images; these systems are responsible for storage, retrieval, transmission and display of medical images.</p>\r\n\r\n<p>The first generation of PACS technology was created in the late 1980s by modality vendors, who implemented proprietary file and representation formats and bundled the PACS as part of a modality purchase. Integration and interoperability quickly became the next challenge as having a centralized archive of all medical images was not easily attainable and the visualization of medical images could not be separated from the archiving functionality. The National Electronic Manufacturers Association (NEMA) developed means to standardize the storage, transmission and presentation of medical images through a standard named Digital Imaging and Communications in Medicine (<a href="http://medical.nema.org/" style="color: rgb(102, 153, 204); line-height: 1.4em;" target="_blank" title="DICOM">DICOM</a>).</p>\r\n\r\n<p>Open source development has been critical in the adoption of DICOM as the de facto global IT standard for medical imaging. The Radiological Society of Northern America (RSNA) commissioned two groups to develop the first reference implementations of DICOM in the early 1990s as a means to accelerate the adoption of the standard. The OFFIS group from Oldenburg, Germany, developed&nbsp;<a href="http://dicom.offis.de/dcmtk.php.en" style="color: rgb(102, 153, 204); line-height: 1.4em;" target="_blank" title="DCMTK">DCMTK</a>&mdash;a collection of libraries and applications implementing large parts of the DICOM standard, which includes software for analyzing, constructing, converting DICOM image files, handling offline media, sending and receiving images over a network among many others. The Electronic Radiology Lab at the Mallinckrodt Institute of Radiology from St. Louis, MO developed the Central Test Node (CTN,<a href="http://erl.wustl.edu/research/dicom/ctn.html" style="color: rgb(102, 153, 204); line-height: 1.4em;" title="http://erl.wustl.edu/research/dicom/ctn.html">http://erl.wustl.edu/research/dicom/ctn.html</a>) software to support cooperative demonstrations by medical imaging vendors. Both of these open source projects, along with other successful open source projects such as&nbsp;<a href="http://www.dcm4che.org/" style="color: rgb(102, 153, 204); line-height: 1.4em;" target="_blank" title="project">DCM4CHE</a>and&nbsp;<a href="http://www.dvtk.org/" style="color: rgb(102, 153, 204); line-height: 1.4em;" target="_blank" title="project">DVTK</a>&nbsp;are widely considered to be part of a PACS administrator&rsquo;s essential toolkit to carry out their daily tasks.&nbsp;</p>\r\n\r\n<p>The other domains of Imaging Informatics mainly include the transmission of medical data between systems and managing the workflow of a radiologist.&nbsp;The typical workflow of a radiology exam begins when another physician orders an imaging examination for a patient. After scheduling, a technologist then carries out the examination in the appropriate modality. These examinations go into work queues of radiologists, otherwise known as worklists. A radiologist may interpret upwards of 150 cases a day, reviewing the images for each and generating a textual report. This requires that these exam orders be managed in worklists sorted by the various types of examinations, and that the results&mdash;the radiology reports&mdash;be transmitted to other information systems such as an Electronic Medical Record (EMR) in an automated fashion. A Radiology Information System (RIS) is responsible for such functionality among many others such as scheduling the patients&rsquo; exams and providing medical information about the patient to be used as part of the medical images. A RIS uses the Health Level 7 (HL7) standard to communicate with other systems. A RIS or a PACS Administrator may use an open source tool such as&nbsp;<a href="http://www.mirthcorp.com/products/mirth-connect" style="color: rgb(102, 153, 204); line-height: 1.4em;" target="_blank" title="Mirth Connect">Mirth Connect</a>&nbsp;to develop, test, deploy, and monitor HL7 interfaces. There are open source APIs, such as&nbsp;<a href="http://hl7api.sourceforge.net/" style="color: rgb(102, 153, 204); line-height: 1.4em;" target="_blank" title="api">HAPI</a>&nbsp;for parsing HL7 information in an objective manner.</p>\r\n\r\n<p>There are other popular open source projects for image viewing and processing:</p>\r\n\r\n<ul>\r\n	<li><a href="http://sourceforge.net/projects/clearcanvas/" style="color: rgb(102, 153, 204); line-height: 1.4em;" target="_blank">ClearCanvas</a></li>\r\n	<li><a href="http://www.osirix-viewer.com/" style="color: rgb(102, 153, 204); line-height: 1.4em;" target="_blank">OsiriX</a></li>\r\n	<li><a href="http://xnat.org/" style="color: rgb(102, 153, 204); line-height: 1.4em;" target="_blank">XNAT</a></li>\r\n	<li><a href="http://www.itk.org/" style="color: rgb(102, 153, 204); line-height: 1.4em;" target="_blank">ITK</a></li>\r\n	<li><a href="http://www.vtk.org/" style="color: rgb(102, 153, 204); line-height: 1.4em;" target="_blank">VTK</a></li>\r\n</ul>\r\n\r\n<p>These open source projects represent just a handful of all the open source projects used in imaging informatics, let alone healthcare. The communities that support these projects are strong and growing more than ever. Many of the projects mentioned above can be seen at&nbsp;<a href="http://siim.org/siim2014/attendee/7th-annual-open-source-plug-fest" style="color: rgb(102, 153, 204); line-height: 1.4em;" target="_blank" title="event info">Open Source Plug Fest</a>, hosted every year to promote knowledge and sharing of open source projects in imaging informatics by The Society of Imaging Informatics in Medicine (<a href="http://siim.org/" style="color: rgb(102, 153, 204); line-height: 1.4em;" target="_blank" title="SIIM">SIIM</a>). There, the&nbsp;direction of a projects are discussed with colleagues and the most successful project of the year is elected.</p>\r\n\r\n<p>This year, SIIM 2014 welcomes healthcare open source projects from other domains to participate in its 7th Annual Open Source Plug Fest from&nbsp;May 15&nbsp;- 17 in Long Beach, California. Register by February 28. Another event that may interest developers is the&nbsp;<a href="http://siim.org/siim2014/education/siim-2014-hackathon-invitation-participants?c=txnb126" style="color: rgb(102, 153, 204); line-height: 1.4em;" target="_blank" title="hackathon info">1st annual Hackathon</a>&nbsp;where you can&nbsp;learn about&nbsp;using the latest web-based healthcare APIs.</p>\r\n', 'osdc_520x292_opensourcedoctor.png', 2, 1, 1, '2014-05-19 18:36:10', '2014-05-19 18:58:12'),
(34, 'improving healthcare with open data', '<p>Todd Park, CTO of the US Department of Health and Human Services, joined an enthusiastic audience at SXSW to talk about the power of open data and innovation to improve health. His role is not to run technology for HHS, but he serves an an entrepreneur in resident to start &quot;virtual startups&quot; within HHS to improve the health of Americans.</p>\r\n\r\n<p>&quot;There has never been a better time to be an entrepreneur--an innovator at the intersection of healthcare and IT,&quot; said Park. He gave two reasons: new incentives and information liberation, which combined he called the &quot;rocket fuel for innovation.&quot; HHS doesn&#39;t expect to alone transform healthcare. Rather, they want to create an environment that helps markets and the public transform healthcare.</p>\r\n\r\n<p><strong>New incentives</strong></p>\r\n\r\n<p>Part 1 of the new incentives Park described is meaningful use. As part of the Recovery Act, HHS is implementing Medicare/Medicaid incentive payments to physicians and hospitals for meaningful use of electronic health records. To get the money, you can&#39;t just use EHRs. You have to use them to actually improve care.</p>\r\n\r\n<p>Part 2 is payment reform in the Affordable Care Act. Today we have a fee-for-service system. You pay each time you visit a doctor or hospital, and the market generally works on a get-what-you-pay-for system. What hasn&#39;t been going up under this system is quality, value, or health. So this act shifts how we pay to &quot;pay for health and value.&quot; The law also creates the Center for Medicare and Medicaid Innovation, which is funded at $10 billion for additional changes to how providers are paid that will produces better value and quality for Medicare/Medicaid.</p>\r\n\r\n<p><strong>Information liberation</strong></p>\r\n\r\n<p>The second ingredient in that rocket fuel recipe is the key for those interested in doing things openly. It comes in three parts:</p>\r\n\r\n<p><em>Rising health data liquidity</em>: The aforementioned investment in health IT turns all that paper data we&#39;re accustomed to into electronic data, but then that data needs to be shared. Two things make that possible. One is&nbsp;<a href="http://directproject.org/" style="color: rgb(102, 153, 204); line-height: 1.4em;">The Direct Project</a>, which is a collaboration that began after a doctor at a hearing said he just wanted to send an electronic copy of a patient&#39;s record to another doctor. The need: a secure way for anyone to transmit sensitive health information. They set up a wiki for many groups to work together to create a spec, which is now being implemented by more than 60 vendors.</p>\r\n\r\n<p>The second initiative is&nbsp;<a href="http://www.va.gov/bluebutton/" style="color: rgb(102, 153, 204); line-height: 1.4em;">Blue Button</a>, which the VA, HHS, and DoD collaborated on for any veteran or Medicare beneficiary to be able to download easily an electronic copy of their own health or claims information. It was launched in October 2010 and has been downloaded by 200,000 users so far.</p>\r\n\r\n<p><em>Increasing market transparency</em>: Park argues that thus far, none of this has been a genuine market. The Affordable Care Act requires a transparent market. HealthCare.gov is the first step towards this. It offers an inventory of private and public health coverage options, including pricing and benefits information and clinical provider quality information.</p>\r\n\r\n<p><em><a href="http://www.hhs.gov/open/datasets/communityhealthdata.html" style="color: rgb(102, 153, 204); line-height: 1.4em;">Community Health Data Initiative (CHDI)</a></em>: This is the goal&nbsp;<a href="http://opensource.com/life/11/3/sharing-information-improve-your-health" style="color: rgb(102, 153, 204); line-height: 1.4em;">I mentioned in a post earlier today</a>&nbsp;about the HHS goal of becoming the &quot;NOAA of health data.&quot; HHS took a look at how NOAA effectively uses and spreads health data and is considering how to do the same with the massive quantities of many types of health information they have, from county smoking rates to hospital quality data to CDC records. In March 2010, a group of innovators came together to work on the problem. Some were health experts, and the others were tech and general data experts. Less than 90 days later, they were able to present at a public meeting more than 20 options for applications that would use the CHDI data.</p>\r\n\r\n<p><a href="http://www.healthdata.gov/" style="color: rgb(102, 153, 204); line-height: 1.4em;">HealthData.gov</a>&nbsp;is another of the culminations of HHS&#39; activity to open information. It&#39;s a one-stop resource for government health data, APIs, and community resources.</p>\r\n\r\n<p><strong>The innovation rocket fuel</strong></p>\r\n\r\n<p>A lot of this sounds like pure optimism to those bogged down by negative experiences with what the healthcare system has become. But change is approaching quickly, and these are but a few examples.</p>\r\n\r\n<p>HHS has also committed to a twice yearly data publication and review by each HHS agency. This is a process change so that all of those, from the FDA to Medicaid, will have to present all of their data, what they&#39;ve made public, and what they will be making public to improve healthcare--and they&#39;ll be held accountable. The first two of these meetings just happened in the last two weeks.</p>\r\n\r\n<p>HHS is working for data liberation and trying to make it as accessible as possible. They&#39;re also hoping that it will become a &quot;self-propelled health data ecosystem,&quot; a collaborative community to expand improvements to Americans&#39; health. They&#39;ll even be making a data repository available via a public API later this year.&nbsp;<a href="http://www.hhs.gov/open/discussion/blog.html" style="color: rgb(102, 153, 204); line-height: 1.4em;">Watch their blog</a>&nbsp;as well as&nbsp;<a href="http://www.healthdata.gov/" style="color: rgb(102, 153, 204); line-height: 1.4em;">HealthData.gov</a>&nbsp;for what&#39;s new in health data innovation.</p>\r\n', 'LIFE_healthcare.png', 2, 1, 0, '2014-05-19 18:59:26', NULL);

-- --------------------------------------------------------

--
-- Table structure for table `newsCategory`
--

DROP TABLE IF EXISTS `newsCategory`;
CREATE TABLE IF NOT EXISTS `newsCategory` (
  `id` mediumint(8) NOT NULL AUTO_INCREMENT,
  `name` varchar(50) CHARACTER SET utf8 NOT NULL,
  PRIMARY KEY (`id`)
) ENGINE=InnoDB  DEFAULT CHARSET=ucs2 AUTO_INCREMENT=3 ;

--
-- Dumping data for table `newsCategory`
--

INSERT INTO `newsCategory` (`id`, `name`) VALUES
(1, 'Open Source'),
(2, 'General');

-- --------------------------------------------------------

--
-- Table structure for table `page`
--

DROP TABLE IF EXISTS `page`;
CREATE TABLE IF NOT EXISTS `page` (
  `id` mediumint(8) unsigned NOT NULL AUTO_INCREMENT,
  `pageTitle` varchar(100) NOT NULL,
  `body` text NOT NULL,
  `createdOn` timestamp NOT NULL DEFAULT CURRENT_TIMESTAMP,
  `updatedOn` timestamp NOT NULL DEFAULT '0000-00-00 00:00:00',
  PRIMARY KEY (`id`)
) ENGINE=InnoDB  DEFAULT CHARSET=utf8 AUTO_INCREMENT=10 ;

--
-- Dumping data for table `page`
--

INSERT INTO `page` (`id`, `pageTitle`, `body`, `createdOn`, `updatedOn`) VALUES
(1, 'Training', '<p>Lorem ipsum dolor sit amet, consectetur adipiscing elit. Vestibulum ultricies arcu urna, nec consequat enim mollis vel. Nullam vulputate egestas turpis sit amet congue. Integer felis mauris, tempus sit amet tristique ut, rhoncus in risus. Sed imperdiet vitae neque et mollis. In et mattis felis. Nulla suscipit, velit id tristique mollis, arcu nisl volutpat urna, at dapibus udrna ipsum a neque. Maecenas non varius sem. Vestibulum quis turpis vitae ligula ultrices placerat. In interdum lorem non tortor molestie, a tristique massa dapibus. Cras tempus venenatis dolor sed ultrices. Quisque a elit purus. Curabitur libero justo, iaculis vitae leo non, lobortis vestibulum neque. Aenean posuere vestibulum sollicitudin. Nulla facilisi.</p>\r\n\r\n<p>Sed cursus elementum dui, a mollis sapien cursus a. Curabitur nec odio varius, dignissim arcu ut, tempor tellus. Proin eu mauris ligula. Ut aliquam volutpat consequat. Donec molestie pulvinar velit ut imperdiet. Aliquam elementum eget augue lobortis rutrum. Duis dignissim nisi eu tristique condimentum. Aenean posuere lacus at laoreet semper. Donec ac dapibus sapien, eu gravida magna. Curabitur viverra nunc in lacus iaculis, eget pretium metus tempor. Class aptent taciti sociosqu ad litora torquent per conubia nostra, per inceptos himenaeos. Morbi elementum tortor eget mauris bibendum, nec fermentum massa suscipit. Class aptent taciti sociosqu ad litora torquent per conubia nostra, per inceptos himenaeos. Duis diam eros, scelerisque a magna semper, cursus mollis justo. Curabitur ornare mauris eget congue faucibus.</p>\r\n\r\n<p>Pellentesque risus ante, cursus eget adipiscing tristique, pharetra ac turpis. Mauris facilisis porttitor libero vitae feugiat. Donec vel congue dui, a hendrerit eros. Proin auctor dolor vitae nunc aliquet iaculis. Phasellus egestas pharetra molestie. Vivamus id auctor justo. Aenean vehicula posuere pellentesque. In a quam in dolor tristique tincidunt vitae id ligula. Morbi sodales augue eu arcu sodales, at pulvinar purus tristique. Curabitur tincidunt fermentum elit. Quisque id erat eget tortor condimentum posuere ut nec elit. Pellentesque habitant morbi tristique senectus et netus et malesuada fames ac turpis egestas.</p>\r\n\r\n<p>Praesent eu auctor purus. Phasellus mauris arcu, dapibus sed posuere ac, consectetur non risus. Phasellus aliquet imperdiet orci, id hendrerit nulla. Interdum et malesuada fames ac ante ipsum primis in faucibus. Praesent magna eros, faucibus sed elementum sit amet, egestas nec turpis. Duis orci odio, lacinia quis cursus eu, euismod at ligula. Proin mi nisi, ullamcorper non mauris vitae, malesuada accumsan dolor. Cras auctor hendrerit leo, nec adipiscing purus iaculis vitae.</p>\r\n\r\n<p>Morbi pellentesque suscipit magna, sit amet fringilla ipsum aliquet vel. Nunc eget eleifend quam. Vivamus convallis porta dolor, quis placerat velit ultrices in. Donec enim leo, fringilla a tincidunt et, consectetur id sapien. Phasellus ultrices ornare hendrerit. Sed adipiscing arcu at risus adipiscing commodo. Nulla blandit neque sit amet elementum scelerisque. Sed vitae turpis at sem ornare luctus. Nunc quis gravida nunc. Nam bibendum viverra lobortis. Sed mollis eget magna non pharetra. Integer a mattis eros. Nullam et ligula consectetur, mattis nisl sed, pretium nunc.</p>\r\n', '2014-02-21 10:26:09', '2015-05-11 09:09:50'),
(2, 'Consultancy', '<p style="text-align:justify">Lorem ipsum dolor sit amet, consectetur adipiscing elit. Vestibulum ultricies arcu urna, nec consequat enim mollis vel. Nullam vulputate egestas turpis sit amet congue. Integer felis mauris, tempus sit amet tristique ut, rhoncus in risus. Sed imperdiet vitae neque et mollis. In et mattis felis. Nulla suscipit, velit id tristique mollis, arcu nisl volutpat urna, at dapibus urna ipsum a neque. Maecenas non varius sem. Vestibulum quis turpis vitae ligula ultrices placerat. In interdum lorem non tortor molestie, a tristique massa dapibus. Cras tempus venenatis dolor sed ultrices. Quisque a elit purus. Curabitur libero justo, iaculis vitae leo non, lobortis vestibulum neque. Aenean posuere vestibulum sollicitudin. Nulla facilisi.</p>\r\n\r\n<p style="text-align:justify">Sed cursus elementum dui, a mollis sapien cursus a. Curabitur nec odio varius, dignissim arcu ut, tempor tellus. Proin eu mauris ligula. Ut aliquam volutpat consequat. Donec molestie pulvinar velit ut imperdiet. Aliquam elementum eget augue lobortis rutrum. Duis dignissim nisi eu tristique condimentum. Aenean posuere lacus at laoreet semper. Donec ac dapibus sapien, eu gravida magna. Curabitur viverra nunc in lacus iaculis, eget pretium metus tempor. Class aptent taciti sociosqu ad litora torquent per conubia nostra, per inceptos himenaeos. Morbi elementum tortor eget mauris bibendum, nec fermentum massa suscipit. Class aptent taciti sociosqu ad litora torquent per conubia nostra, per inceptos himenaeos. Duis diam eros, scelerisque a magna semper, cursus mollis justo. Curabitur ornare mauris eget congue faucibus.</p>\r\n\r\n<p style="text-align:justify">Pellentesque risus ante, cursus eget adipiscing tristique, pharetra ac turpis. Mauris facilisis porttitor libero vitae feugiat. Donec vel congue dui, a hendrerit eros. Proin auctor dolor vitae nunc aliquet iaculis. Phasellus egestas pharetra molestie. Vivamus id auctor justo. Aenean vehicula posuere pellentesque. In a quam in dolor tristique tincidunt vitae id ligula. Morbi sodales augue eu arcu sodales, at pulvinar purus tristique. Curabitur tincidunt fermentum elit. Quisque id erat eget tortor condimentum posuere ut nec elit. Pellentesque habitant morbi tristique senectus et netus et malesuada fames ac turpis egestas.</p>\r\n\r\n<p style="text-align:justify">Praesent eu auctor purus. Phasellus mauris arcu, dapibus sed posuere ac, consectetur non risus. Phasellus aliquet imperdiet orci, id hendrerit nulla. Interdum et malesuada fames ac ante ipsum primis in faucibus. Praesent magna eros, faucibus sed elementum sit amet, egestas nec turpis. Duis orci odio, lacinia quis cursus eu, euismod at ligula. Proin mi nisi, ullamcorper non mauris vitae, malesuada accumsan dolor. Cras auctor hendrerit leo, nec adipiscing purus iaculis vitae.</p>\r\n\r\n<p style="text-align:justify">Morbi pellentesque suscipit magna, sit amet fringilla ipsum aliquet vel. Nunc eget eleifend quam. Vivamus convallis porta dolor, quis placerat velit ultrices in. Donec enim leo, fringilla a tincidunt et, consectetur id sapien. Phasellus ultrices ornare hendrerit. Sed adipiscing arcu at risus adipiscing commodo. Nulla blandit neque sit amet elementum scelerisque. Sed vitae turpis at sem ornare luctus. Nunc quis gravida nunc. Nam bibendum viverra lobortis. Sed mollis eget magna non pharetra. Integer a mattis eros. Nullam et ligula consectetur, mattis nisl sed, pretium nunc.</p>\r\n', '2014-02-21 12:34:32', '2014-02-21 10:37:29'),
(3, 'Development', '<p style="text-align:justify">Lorem ipsum dolor sit amet, consectetur adipiscing elit. Vestibulum ultricies arcu urna, nec consequat enim mollis vel. Nullam vulputate egestas turpis sit amet congue. Integer felis mauris, tempus sit amet tristique ut, rhoncus in risus. Sed imperdiet vitae neque et mollis. In et mattis felis. Nulla suscipit, velit id tristique mollis, arcu nisl volutpat urna, at dapibus urna ipsum a neque. Maecenas non varius sem. Vestibulum quis turpis vitae ligula ultrices placerat. In interdum lorem non tortor molestie, a tristique massa dapibus. Cras tempus venenatis dolor sed ultrices. Quisque a elit purus. Curabitur libero justo, iaculis vitae leo non, lobortis vestibulum neque. Aenean posuere vestibulum sollicitudin. Nulla facilisi.</p>\r\n\r\n<p style="text-align:justify">Sed cursus elementum dui, a mollis sapien cursus a. Curabitur nec odio varius, dignissim arcu ut, tempor tellus. Proin eu mauris ligula. Ut aliquam volutpat consequat. Donec molestie pulvinar velit ut imperdiet. Aliquam elementum eget augue lobortis rutrum. Duis dignissim nisi eu tristique condimentum. Aenean posuere lacus at laoreet semper. Donec ac dapibus sapien, eu gravida magna. Curabitur viverra nunc in lacus iaculis, eget pretium metus tempor. Class aptent taciti sociosqu ad litora torquent per conubia nostra, per inceptos himenaeos. Morbi elementum tortor eget mauris bibendum, nec fermentum massa suscipit. Class aptent taciti sociosqu ad litora torquent per conubia nostra, per inceptos himenaeos. Duis diam eros, scelerisque a magna semper, cursus mollis justo. Curabitur ornare mauris eget congue faucibus.</p>\r\n\r\n<p style="text-align:justify">Pellentesque risus ante, cursus eget adipiscing tristique, pharetra ac turpis. Mauris facilisis porttitor libero vitae feugiat. Donec vel congue dui, a hendrerit eros. Proin auctor dolor vitae nunc aliquet iaculis. Phasellus egestas pharetra molestie. Vivamus id auctor justo. Aenean vehicula posuere pellentesque. In a quam in dolor tristique tincidunt vitae id ligula. Morbi sodales augue eu arcu sodales, at pulvinar purus tristique. Curabitur tincidunt fermentum elit. Quisque id erat eget tortor condimentum posuere ut nec elit. Pellentesque habitant morbi tristique senectus et netus et malesuada fames ac turpis egestas.</p>\r\n\r\n<p style="text-align:justify">Praesent eu auctor purus. Phasellus mauris arcu, dapibus sed posuere ac, consectetur non risus. Phasellus aliquet imperdiet orci, id hendrerit nulla. Interdum et malesuada fames ac ante ipsum primis in faucibus. Praesent magna eros, faucibus sed elementum sit amet, egestas nec turpis. Duis orci odio, lacinia quis cursus eu, euismod at ligula. Proin mi nisi, ullamcorper non mauris vitae, malesuada accumsan dolor. Cras auctor hendrerit leo, nec adipiscing purus iaculis vitae.</p>\r\n\r\n<p style="text-align:justify">Morbi pellentesque suscipit magna, sit amet fringilla ipsum aliquet vel. Nunc eget eleifend quam. Vivamus convallis porta dolor, quis placerat velit ultrices in. Donec enim leo, fringilla a tincidunt et, consectetur id sapien. Phasellus ultrices ornare hendrerit. Sed adipiscing arcu at risus adipiscing commodo. Nulla blandit neque sit amet elementum scelerisque. Sed vitae turpis at sem ornare luctus. Nunc quis gravida nunc. Nam bibendum viverra lobortis. Sed mollis eget magna non pharetra. Integer a mattis eros. Nullam et ligula consectetur, mattis nisl sed, pretium nunc.</p>\r\n', '2014-02-21 12:34:47', '2014-02-21 10:37:58'),
(4, 'About Open Source', '<div id="content-header" style="font-family: Arial, sans-serif; font-size: 15px; line-height: 22.5px; text-align: center;"><img alt="" src="http://opensource.com/sites/default/files/images/resources/OSDC_Resources_SectionImage_WhatIsOpenSource.png" style="border:1px solid rgb(194, 192, 193); height:90px; width:520px" title="" /></div>\r\n\r\n<div id="content-area" style="font-family: Arial, sans-serif; font-size: 15px; line-height: 22.5px;">\r\n<div class="node node-type-resource" id="node-4741">\r\n<div class="node-inner">\r\n<div class="content" style="position: relative; padding-top: 1.5em;">\r\n<h2>What is open source?</h2>\r\n\r\n<p>The term &quot;open source&quot; refers to something that can be modified because its design is publicly accessible.</p>\r\n\r\n<p>While it originated in the context of computer software development, today the term &quot;open source&quot; designates a set of values&mdash;what we call&nbsp;<em><a href="https://opensource.com/open-source-way" style="color: rgb(102, 153, 204); line-height: 1.4em;">the open source way</a></em>. In general, open source projects, products, or initiatives are those that embrace and celebrate open exchange, collaborative participation, rapid prototyping, transparency, meritocracy, and community development.</p>\r\n\r\n<h2>What is open source software?</h2>\r\n\r\n<p>Open source software is software whose source code is available for modification or enhancement by anyone.</p>\r\n\r\n<p>&quot;Source code&quot; is the part of software that most computer users don&#39;t ever see; it&#39;s the code computer programmers can use to change how a piece of software works. Programmers who have access to a computer program&#39;s source code can improve that program by adding features to it or fixing parts that don&#39;t always work correctly.</p>\r\n\r\n<h2><strong>What&#39;s the difference between open source software and other types of software?</strong></h2>\r\n\r\n<p>Some software has source code that cannot be modified by anyone but the person, team, or organization who created it and maintains exclusive control over it. This kind of software is frequently called &quot;proprietary software&quot; or &quot;closed source&quot; software, because its source code is the property of its original authors, who are the only ones legally allowed to copy or modify it. Microsoft Word and Adobe Photoshop are examples of proprietary software. In order to use proprietary software, computer users must agree (usually by signing a license displayed the first time they run this software) that they will not do anything with the software that the software&#39;s authors have not expressly permitted.</p>\r\n\r\n<p>Open source software is different. Its authors&nbsp;<a href="https://opensource.com/business/13/5/open-source-your-code" style="color: rgb(102, 153, 204); line-height: 1.4em;">make its source code available</a>&nbsp;to others who would like to view that code, copy it, learn from it, alter it, or share it.<a href="https://www.libreoffice.org/" style="color: rgb(102, 153, 204); line-height: 1.4em;">LibreOffice</a>&nbsp;and the&nbsp;<a href="http://www.gimp.org/" style="color: rgb(102, 153, 204); line-height: 1.4em;">GNU Image Manipulation Program</a>&nbsp;are examples of open source software. As they do with proprietary software, users must accept the terms of a&nbsp;<a href="http://opensource.com/law/13/1/which-open-source-software-license-should-i-use" style="color: rgb(102, 153, 204); line-height: 1.4em;">license</a>&nbsp;when they use open source software&mdash;but the legal terms of open source licenses differ dramatically from those of proprietary licenses. Open source software licenses promote collaboration and sharing because they allow others to make modifications to source code and incorporate that code into their own projects.&nbsp;<a href="https://opensource.com/law/13/5/does-your-code-need-license" style="color: rgb(102, 153, 204); line-height: 1.4em;">Some open source licenses</a>&nbsp;ensure that anyone who alters and then shares a program with others&nbsp;must&nbsp;also share that program&#39;s source code without charging a licensing fee for it. In other words, computer programmers can access, view, and modify open source software whenever they like&mdash;as long as they let others do the same when they share their work. In fact, they could be violating the terms of some open source licenses if they&nbsp;<em>don&rsquo;t</em>do this.</p>\r\n\r\n<p>Open source software is also a key component of the behind-the-scenes technology that powers the Internet. Every time you use a device to view a webpage, check your email, chat with a friend, or play a multiplayer game, a network of computers around the world works to link your device to a remote computer which serves up the data your local device displays. Many of these systems run open source software, from the&nbsp;<a href="http://www.linux.com/learn/new-user-guides/376-linux-is-everywhere-an-overview-of-the-linux-operating-system" style="color: rgb(102, 153, 204); line-height: 1.4em;" target="_blank" title="What is Linux?">Linux</a>&nbsp;operating system to a web server application such as&nbsp;<a href="http://httpd.apache.org/" style="color: rgb(102, 153, 204); line-height: 1.4em;" target="_blank" title="Apache">Apache</a>. There are also a variety of other open source tools which enable functionality for file storage, networking, and other important computing tasks.<br />\r\n<br />\r\nMuch of remote computing takes place within the &quot;cloud.&quot; Cloud computing can mean a lot of different things. Most people refer to the cloud to mean applications running on a network of remote systems doing some of the things that they used to do on their local desktop machine. Just like desktop programs, cloud products have open and closed source variants. For example, while many people are familiar with tools like Google Docs, there are also open source alternatives like Etherpad. And much of the software which runs &quot;underneath&quot; the cloud projects like&nbsp;<a href="http://opensource.com/resources/what-is-openstack" style="color: rgb(102, 153, 204); line-height: 1.4em;" target="_blank" title="What is OpenStack?">OpenStack</a>.</p>\r\n\r\n<p>So as the&nbsp;<a href="http://opensource.org/docs/osd" style="color: rgb(102, 153, 204); line-height: 1.4em;">Open Source Initiative</a>&nbsp;explains, &quot;open source doesn&#39;t just mean access to the source code.&quot; It means that anyone should be able to&nbsp;<em>modify</em>&nbsp;the source code to suit his or her needs, and cannot prevent others from doing the same. The Initiative&#39;s definition of &quot;open source&quot; contains several other<a href="http://opensource.org/docs/osd" style="color: rgb(102, 153, 204); line-height: 1.4em;">important provisions</a>.</p>\r\n\r\n<h2>Why do people prefer using open source software?</h2>\r\n\r\n<p>Many people prefer open source software because they&nbsp;<a href="http://opensource.com/life/13/5/tumblr-open-publishing" style="color: rgb(102, 153, 204); line-height: 1.4em;">have more control</a>&nbsp;over that kind of software. They can examine the code to make sure it&#39;s not doing anything they don&#39;t want it to do, and they can change parts of it they don&#39;t like. Users who aren&rsquo;t programmers also benefit from open source software, because they can use this software for any purpose they wish&mdash;not merely the way someone else thinks they should.</p>\r\n\r\n<p>Others like open source software because it helps them&nbsp;<a href="http://opensource.com/life/13/6/learning-program-open-source-way" style="color: rgb(102, 153, 204); line-height: 1.4em;">become better programmers</a>. They can learn to make better software by studying the source code others have written. They can also share their work with others, inviting comment and critique.</p>\r\n\r\n<p>Some people prefer open source software because they consider it more<a href="http://opensource.com/government/10/9/scap-computer-security-rest-us" style="color: rgb(102, 153, 204); line-height: 1.4em;">secure</a>&nbsp;and stable than proprietary software. Because anyone can view and modify open source software, someone might spot and correct errors or omissions that a program&#39;s original authors might have missed. And because so many programmers can work on a piece of open source software without asking for permission from original authors, open source software is generally fixed, updated, and upgraded&nbsp;<a href="http://opensource.com/government/13/2/bug-fix-day" style="color: rgb(102, 153, 204); line-height: 1.4em;">quickly</a>.</p>\r\n\r\n<p>Many users prefer open source software to proprietary software for important, long-term projects. Because the source code for open source software&nbsp;<a href="http://opensource.com/life/12/9/should-we-develop-open-source-openly" style="color: rgb(102, 153, 204); line-height: 1.4em;">is distributed publicly</a>, users that rely on software for critical tasks can be sure their tools won&rsquo;t disappear or fall into disrepair if their original creators stop working on them.</p>\r\n\r\n<h2>Doesn&rsquo;t &quot;open source&quot; just mean something is free of charge?</h2>\r\n\r\n<p>No. This is a&nbsp;<a href="http://opensource.com/education/12/7/clearing-open-source-misconceptions" style="color: rgb(102, 153, 204); line-height: 1.4em;">common misconception</a>&nbsp;about what &quot;open source&quot; implies. Programmers can charge money for the open source software they create or to which they contribute. But because most open source licenses require them to release their source code when they sell software to others, many open source software programmers find it more lucrative to charge users for<em>&nbsp;software services and support</em>&nbsp;rather than for the software itself. This way, their software remains free of charge and they make money helping others install, use, and troubleshoot it.</p>\r\n\r\n<h2>What is open source &quot;beyond software&quot;?</h2>\r\n\r\n<p>At opensource.com, we like to say that we&#39;re interested in the ways open source can be applied to the world&nbsp;<em>beyond software</em>. We like to think of open source as not only a way to develop and license computer software, but also an<em>attitude</em>. Approaching all aspects of life&nbsp;<a href="http://www.theopensourceway.org/book/index.html" style="color: rgb(102, 153, 204); line-height: 1.4em;">&quot;the open source way&quot;</a>&nbsp;means expressing a willingness to share, collaborating with others in ways that are transparent (so that others can watch and join too), embracing failure as a means of improving, and expecting&mdash;even encouraging&mdash;everyone else to do the same.</p>\r\n\r\n<p>It means committing to playing an active role in improving the world, which is possible only when everyone has access to the way that world is designed. The world is full of &quot;source code&quot;&mdash;<a href="http://opensource.com/life/11/6/architecture-open-source-applications-learn-those-you" style="color: rgb(102, 153, 204); line-height: 1.4em;">blueprints</a>,&nbsp;<a href="http://opensource.com/life/12/6/open-source-like-sharing-recipe" style="color: rgb(102, 153, 204); line-height: 1.4em;">recipes</a>,&nbsp;<a href="http://opensource.com/life/12/4/day-my-mind-became-open-sourced" style="color: rgb(102, 153, 204); line-height: 1.4em;">rules</a>&mdash;that guide and shape the way we think and act in it. We believe this underlying code (whatever its form) should be open, accessible, and shared&mdash;so many people can have a hand in altering it for the better.</p>\r\n\r\n<p>Here, we tell stories about what happens when open source values are applied to business, education, government, health, law, and any other area of life. We&#39;re a community committed to telling others how the open source way is the<em>best</em>&nbsp;way&mdash;because a love of open source is just like anything else: it&#39;s better when it&#39;s shared.</p>\r\n</div>\r\n</div>\r\n</div>\r\n</div>\r\n', '2014-02-21 13:33:32', '2014-05-19 05:29:57'),
(5, 'About Information Technology Institute', '<p style="text-align:justify">The Information Technology Institute (ITI) is a leading national institute established in 1993 by the Information and Decision Support Centre (IDSC) the Egyptian Cabinet. In 2005 ITI&#39;s affiliation moved to the&nbsp;<a href="http://www.mcit.gov.eg/" style="box-sizing: border-box; background-color: transparent; font-size: 12px; margin: 0px; padding: 0px; border: 0px; outline: 0px; line-height: 19px; text-decoration: none; color: rgb(57, 194, 223); background-position: initial initial; background-repeat: initial initial;" target="_blank" title="MCIT">Ministry of Communications and Information Technology (MCIT)</a>.<img alt="Overview" class="thumbnail" src="http://www.iti.gov.eg/Portals/0/Images/content/about-us/iti_overview.jpg" style="float:right; margin:10px" /></p>\r\n\r\n<p style="text-align:justify">The Institute operates through&nbsp;<a href="http://www.iti.gov.eg/aboutiti/branches.aspx" style="box-sizing: border-box; background-color: transparent; font-size: 12px; margin: 0px; padding: 0px; border: 0px; outline: 0px; line-height: 19px; text-decoration: none; color: rgb(57, 194, 223); background-position: initial initial; background-repeat: initial initial;" title="ITI Branches">4 main branches</a>&nbsp;catering for the North Coast, Delta, and Upper Egypt. The Institute&#39;s geographical spread includes also the affiliation of 61 training centres in 20 of Egypt&#39;s governorates, enabling the outreach of its massive capacity building and industry development programs throughout Egypt from North to South.</p>\r\n\r\n<p style="text-align:justify">ITI initially set up to provide specialized software development programs to fresh graduates, has now developed to foster relationships with corporations, foundations, governmental organizations, and other partners to advance education, research, and innovation in areas of mutual interest and encourage technology transfer. Thus contributing in the development of the Egyptian ICT industry and achieving high ranks in ICT global competitiveness.</p>\r\n\r\n<p style="text-align:justify"><a href="http://www.iti.gov.eg/Services/CapacityBuilding.aspx" style="box-sizing: border-box; background-color: transparent; font-size: 12px; margin: 0px; padding: 0px; border: 0px; outline: 0px; line-height: 19px; text-decoration: none; color: rgb(57, 194, 223); background-position: initial initial; background-repeat: initial initial;" title="Capacity building">Capacity building</a>&nbsp;is a central part of ITI&rsquo;s mission and a number of initiatives and programs have been set-up with a focus on: developing professional capabilities, supporting new technologies and to have partnerships for innovation.</p>\r\n\r\n<p style="text-align:justify">ITI Professional training programs are designed to adopt world trends in the ICT domain through its branded&nbsp;<a href="http://www.iti.gov.eg/services/capacitybuilding/9monthprofessionaldiploma.aspx" style="box-sizing: border-box; background-color: transparent; font-size: 12px; margin: 0px; padding: 0px; border: 0px; outline: 0px; line-height: 19px; text-decoration: none; color: rgb(57, 194, 223); background-position: initial initial; background-repeat: initial initial;">9-Month Professional Diploma.</a>&nbsp;In addition ITI offers&nbsp;<a href="http://www.iti.gov.eg/en-gb/services/capacitybuilding/skillshouse.aspx" style="box-sizing: border-box; background-color: transparent; font-size: 12px; margin: 0px; padding: 0px; border: 0px; outline: 0px; line-height: 19px; text-decoration: none; color: rgb(57, 194, 223); background-position: initial initial; background-repeat: initial initial;">State-of-the-Art</a>&nbsp;Programs which are part-time customized IT training programs tailored to the job market&rsquo;s needs.</p>\r\n\r\n<p style="text-align:justify">ITI contributed to establish the IT Infrastructure in Egypt since 1993, through The&nbsp;<a href="http://www.iti.gov.eg/en-gb/services/capacitybuilding/trainthetrainers.aspx" style="box-sizing: border-box; background-color: transparent; font-size: 12px; margin: 0px; padding: 0px; border: 0px; outline: 0px; line-height: 19px; text-decoration: none; color: rgb(57, 194, 223); background-position: initial initial; background-repeat: initial initial;" title="Train The Trainers">Train The Trainers</a>&nbsp;Program TTT which focuses on training potential applicants to become qualified instructors in the ITI&rsquo;s geographically - spread 61 affiliated training centres. Each of the affiliates are providing low-cost IT training to up to 120 individuals per month in each centre. The institute&#39;s professional staff is designing special programs that are updated yearly to include the latest IT principles and practices.</p>\r\n\r\n<p style="text-align:justify">ITI&rsquo;s&nbsp;<a href="http://www.iti.gov.eg/en-gb/services/capacitybuilding/eduegypt.aspx" style="box-sizing: border-box; background-color: transparent; font-size: 12px; margin: 0px; padding: 0px; border: 0px; outline: 0px; line-height: 19px; text-decoration: none; color: rgb(57, 194, 223); background-position: initial initial; background-repeat: initial initial;" title="EDUEgypt">Education Development for Universities in Egypt (EDUEgypt)</a>&nbsp;Program, enables greater outreach to university students. Together with the other MCIT&#39;s initiatives and Projects for developing Egypt&rsquo;s competencies in becoming a global offshoring hub, EDUEgypt has contributed in leveraging Egypt&#39;s ranking in A.T. Kearney Index from number 13 in 2007 to number 4 in 2011.</p>\r\n\r\n<p style="text-align:justify">To foster technology innovation and to assure focus and development partnerships with the international and national stakeholders in green areas of technologies, the institute developed 4 centres of excellence, namely:&nbsp;<a href="http://www.iti.gov.eg/en-gb/coe/cloudcomputing.aspx" style="box-sizing: border-box; background-color: transparent; font-size: 12px; margin: 0px; padding: 0px; border: 0px; outline: 0px; line-height: 19px; text-decoration: none; color: rgb(57, 194, 223); background-position: initial initial; background-repeat: initial initial;" title="EC3">Egyptian Cloud Computing Centre of Excellence EC3</a>,&nbsp;<a href="http://www.iti.gov.eg/en-gb/coe/biomedical.aspx" style="box-sizing: border-box; background-color: transparent; font-size: 12px; margin: 0px; padding: 0px; border: 0px; outline: 0px; line-height: 19px; text-decoration: none; color: rgb(57, 194, 223); background-position: initial initial; background-repeat: initial initial;" title="BMICoE">Biomedical Informatics Centre of Excellence (BMICoE)</a>,&nbsp;<a href="http://www.iti.gov.eg/en-gb/coe/elearning.aspx" style="box-sizing: border-box; background-color: transparent; font-size: 12px; margin: 0px; padding: 0px; border: 0px; outline: 0px; line-height: 19px; text-decoration: none; color: rgb(57, 194, 223); background-position: initial initial; background-repeat: initial initial;" title="ELICA">E-Learning Centre of Excellence.(ELICA)</a>, and<a href="http://www.iti.gov.eg/en-gb/coe/jets.aspx" style="box-sizing: border-box; background-color: transparent; font-size: 12px; margin: 0px; padding: 0px; border: 0px; outline: 0px; line-height: 19px; text-decoration: none; color: rgb(57, 194, 223); background-position: initial initial; background-repeat: initial initial;" title="JETS">Java Education and Technology Services Centre of Excellence (JETS)</a>.</p>\r\n\r\n<p style="text-align:justify">ITI partners with reputed Universities across the world, including the University of Nottingham, UK. Oregon Health and Science University (OHSU), USA. Lund University, Sweden. University of Paderborn, Germany.</p>\r\n\r\n<p style="text-align:justify">The institute&#39;s academic partners have accepted nearly 200 of our graduates to pursue higher degrees after accrediting the 9-Month Professional Diploma as a pre-master&rsquo;s year.</p>\r\n\r\n<p style="text-align:justify">ITI Partnering with the industry, through its knowledge Transfer Partnership Program&nbsp;<a href="http://www.iti.gov.eg/en-gb/services/capacitybuilding/partnershipforinnovation.aspx" style="box-sizing: border-box; background-color: transparent; font-size: 12px; margin: 0px; padding: 0px; border: 0px; outline: 0px; line-height: 19px; text-decoration: none; color: rgb(57, 194, 223); background-position: initial initial; background-repeat: initial initial;">KTP</a>&nbsp;Where a group of the Institute&#39;s 9- Month Interns from various disciplines would join a corporate project within their internship module of the program, at the Institute&#39;s premises or the corporate premises. The project should have a direct impact on the interns&#39; skills and knowledge and should have well identified milestones and deliverables.</p>\r\n\r\n<p style="text-align:justify">ITI plays a vital role in the development of the ICT&nbsp;<a href="http://www.iti.gov.eg/en-gb/services/communitydevelopment.aspx" style="box-sizing: border-box; background-color: transparent; font-size: 12px; margin: 0px; padding: 0px; border: 0px; outline: 0px; line-height: 19px; text-decoration: none; color: rgb(57, 194, 223); background-position: initial initial; background-repeat: initial initial;" title="Community contributions">Community</a>&nbsp;through fostering multi&ndash;party relationships among Academia, Industry, individuals, as well as associations and non-governmental organizations in the field. A multitude of activities take place every year to foster the institutes role in rough enablement with the ICT tools, development of innovative applications, development of skills and knowledge, and linkage with the industry.</p>\r\n\r\n<p style="text-align:justify">Keeping up with the interdisciplinary nature of modern&nbsp;<a href="http://www.iti.gov.eg/en-gb/services/researchdevelopment.aspx" style="box-sizing: border-box; background-color: transparent; font-size: 12px; margin: 0px; padding: 0px; border: 0px; outline: 0px; line-height: 19px; text-decoration: none; color: rgb(57, 194, 223); background-position: initial initial; background-repeat: initial initial;" title="Research &amp; Development Service">Research</a>, ITI does not have traditional academic departments. However the ITI Staff and Interns carry out research in multiple IT disciplines and collaborate with colleagues at the R&amp;D labs of the ICT corporates and at the Universities throughout Egypt.</p>\r\n\r\n<p style="text-align:justify">ITI , also represents a hub for professionals and experts who are able to deliver&nbsp;<a href="http://www.iti.gov.eg/en-gb/services/consultationsupport.aspx" style="box-sizing: border-box; background-color: transparent; font-size: 12px; margin: 0px; padding: 0px; border: 0px; outline: 0px; line-height: 19px; text-decoration: none; color: rgb(159, 29, 32); background-position: initial initial; background-repeat: initial initial;" title="Consultation &amp; Support Service">Consultation</a>&nbsp;services in a highly professional manner, and in different fields.</p>\r\n\r\n<p style="text-align:justify">ITI hosts on a yearly basis an International Conference for Information and Communication Technology (ICICT). With the objective of creating a forum for scholars in different fields of information and communication technology, the conference allows scholars, academics, IT professionals and industry decision-makers to meet and discuss the latest state-of-the-art technologies.</p>\r\n', '2014-02-21 13:33:58', '2014-02-21 11:38:53'),
(6, 'Open Source Applications Development', '', '2015-07-30 00:09:24', '0000-00-00 00:00:00'),
(7, 'Cloud Platform Development', '', '2015-07-30 00:09:51', '0000-00-00 00:00:00'),
(8, 'Big Data Systems Engineering', '', '2015-07-30 00:10:14', '0000-00-00 00:00:00'),
(9, 'Telecom Applications Development', '', '2015-07-30 00:10:36', '0000-00-00 00:00:00');

-- --------------------------------------------------------

--
-- Table structure for table `poll`
--

DROP TABLE IF EXISTS `poll`;
CREATE TABLE IF NOT EXISTS `poll` (
  `id` mediumint(8) NOT NULL AUTO_INCREMENT,
  `pollQuestion` varchar(100) NOT NULL,
  PRIMARY KEY (`id`)
) ENGINE=InnoDB  DEFAULT CHARSET=utf8 AUTO_INCREMENT=7 ;

--
-- Dumping data for table `poll`
--

INSERT INTO `poll` (`id`, `pollQuestion`) VALUES
(5, 'What''s your opinion in our website? '),
(6, 'What is your?');

-- --------------------------------------------------------

--
-- Table structure for table `pollChoices`
--

DROP TABLE IF EXISTS `pollChoices`;
CREATE TABLE IF NOT EXISTS `pollChoices` (
  `id` mediumint(9) NOT NULL AUTO_INCREMENT,
  `pollId` mediumint(8) NOT NULL,
  `pollChoice` varchar(100) CHARACTER SET utf8 NOT NULL,
  `count` mediumint(9) DEFAULT '0',
  PRIMARY KEY (`id`),
  KEY `pollId` (`pollId`)
) ENGINE=InnoDB  DEFAULT CHARSET=latin1 AUTO_INCREMENT=21 ;

--
-- Dumping data for table `pollChoices`
--

INSERT INTO `pollChoices` (`id`, `pollId`, `pollChoice`, `count`) VALUES
(14, 5, 'Great', 12),
(15, 5, 'Good', 7),
(16, 5, 'Fair', 2),
(17, 5, 'Bad', 1),
(18, 6, 'ddd', 0),
(19, 6, 'ddd', 0),
(20, 6, 'ddd', 0);

-- --------------------------------------------------------

--
-- Table structure for table `resource`
--

DROP TABLE IF EXISTS `resource`;
CREATE TABLE IF NOT EXISTS `resource` (
  `id` int(11) NOT NULL AUTO_INCREMENT,
  `module` varchar(255) DEFAULT NULL,
  `controller` varchar(255) NOT NULL,
  `action` varchar(45) NOT NULL,
  `resourceName` varchar(25) NOT NULL,
  `routeName` varchar(255) DEFAULT NULL,
  PRIMARY KEY (`id`)
) ENGINE=InnoDB  DEFAULT CHARSET=utf8 AUTO_INCREMENT=188 ;

--
-- Dumping data for table `resource`
--

INSERT INTO `resource` (`id`, `module`, `controller`, `action`, `resourceName`, `routeName`) VALUES
(1, 'default', 'user', 'index', '', NULL),
(2, 'default', 'user', 'login', '', NULL),
(3, 'default', 'user', 'logout', '', NULL),
(4, 'default', 'user', 'profile', '', NULL),
(5, 'default', 'user', 'register', '', NULL),
(6, 'default', 'news', 'index', '', NULL),
(7, 'default', 'news', 'list', '', NULL),
(8, 'default', 'news', 'category', '', NULL),
(9, 'default', 'news', 'view', '', NULL),
(10, 'default', 'album', 'index', '', NULL),
(11, 'default', 'album', 'list', '', NULL),
(12, 'default', 'album', 'view', '', NULL),
(13, 'default', 'index', 'index', '', NULL),
(14, 'default', 'forum', 'index', '', NULL),
(15, 'default', 'forum', 'section', '', NULL),
(16, 'default', 'forum', 'topic', '', NULL),
(17, 'default', 'forum', 'addtopic', '', NULL),
(18, 'default', 'event', 'index', '', NULL),
(19, 'default', 'event', 'list', '', NULL),
(20, 'default', 'event', 'month-events', '', NULL),
(21, 'default', 'video', 'index', '', NULL),
(22, 'default', 'video', 'list', '', NULL),
(23, 'default', 'careeer', 'index', '', NULL),
(24, 'default', 'page', 'index', '', NULL),
(25, 'default', 'page', 'view', '', NULL),
(26, 'default', 'poll', 'index', '', NULL),
(27, 'default', 'poll', 'result', '', NULL),
(28, 'default', 'project', 'index', '', NULL),
(29, 'default', 'project', 'viewproject', '', NULL),
(30, 'default', 'project', 'view', '', NULL),
(31, 'default', 'project', 'listproject', '', NULL),
(32, 'default', 'error', 'error', '', NULL),
(33, 'default', 'course', 'index', '', NULL),
(34, 'default', 'course', 'getcourses', '', NULL),
(35, 'default', 'course', 'getcourse-category', '', NULL),
(36, 'default', 'course', 'getcitiesajax', '', NULL),
(37, 'default', 'competition', 'index', '', NULL),
(38, 'default', 'competition', 'add', '', NULL),
(39, 'default', 'job', 'index', '', NULL),
(40, 'default', 'job', 'list', '', NULL),
(41, 'default', 'job', 'add', '', NULL),
(42, 'default', 'graduate', 'index', '', NULL),
(43, 'default', 'graduate', 'list', '', NULL),
(44, 'default', 'contact', 'index', '', NULL),
(45, 'administration', 'user', 'index', '', NULL),
(46, 'administration', 'user', 'list', '', NULL),
(47, 'administration', 'user', 'add', '', NULL),
(48, 'administration', 'user', 'edit', '', NULL),
(49, 'administration', 'user', 'delete', '', NULL),
(50, 'administration', 'user', 'profile', '', NULL),
(51, 'administration', 'user', 'editprofile', '', NULL),
(52, 'administration', 'image', 'index', '', NULL),
(53, 'administration', 'image', 'list', '', NULL),
(54, 'administration', 'image', 'add', '', NULL),
(55, 'administration', 'image', 'edit', '', NULL),
(56, 'administration', 'image', 'cover', '', NULL),
(57, 'administration', 'image', 'delete', '', NULL),
(58, 'administration', 'news', 'index', '', NULL),
(59, 'administration', 'news', 'list', '', NULL),
(60, 'administration', 'news', 'add', '', NULL),
(61, 'administration', 'news', 'edit', '', NULL),
(62, 'administration', 'news', 'delete', '', NULL),
(63, 'administration', 'admissioncategory', 'index', '', NULL),
(64, 'administration', 'admissioncategory', 'list', '', NULL),
(65, 'administration', 'admissioncategory', 'add', '', NULL),
(66, 'administration', 'admissioncategory', 'edit', '', NULL),
(67, 'administration', 'admissioncategory', 'delete', '', NULL),
(68, 'administration', 'question', 'index', '', NULL),
(69, 'administration', 'question', 'add', '', NULL),
(70, 'administration', 'applicant', 'index', '', NULL),
(71, 'administration', 'applicant', 'list', '', NULL),
(72, 'administration', 'applicant', 'add', '', NULL),
(73, 'administration', 'applicant', 'edit', '', NULL),
(74, 'administration', 'applicant', 'delete', '', NULL),
(75, 'administration', 'topic', 'index', '', NULL),
(76, 'administration', 'topic', 'add', '', NULL),
(77, 'administration', 'topic', 'edit', '', NULL),
(78, 'administration', 'topic', 'delete', '', NULL),
(79, 'administration', 'projectportal', 'index', '', NULL),
(80, 'administration', 'projectportal', 'list', '', NULL),
(81, 'administration', 'projectportal', 'add', '', NULL),
(82, 'administration', 'projectportal', 'edit', '', NULL),
(83, 'administration', 'projectportal', 'delete', '', NULL),
(84, 'administration', 'attendance', 'index', '', NULL),
(85, 'administration', 'attendance', 'insert', '', NULL),
(86, 'administration', 'album', 'index', '', NULL),
(87, 'administration', 'album', 'list', '', NULL),
(88, 'administration', 'album', 'add', '', NULL),
(89, 'administration', 'album', 'upload', '', NULL),
(90, 'administration', 'album', 'edit', '', NULL),
(91, 'administration', 'album', 'delete', '', NULL),
(92, 'administration', 'main', 'index', '', NULL),
(93, 'administration', 'index', 'index', '', NULL),
(94, 'administration', 'index', 'login', '', NULL),
(95, 'administration', 'index', 'logout', '', NULL),
(96, 'administration', 'competitioncategory', 'index', '', NULL),
(97, 'administration', 'competitioncategory', 'add', '', NULL),
(98, 'administration', 'competitioncategory', 'edit', '', NULL),
(99, 'administration', 'competitioncategory', 'delete', '', NULL),
(100, 'administration', 'contactcategory', 'index', '', NULL),
(101, 'administration', 'contactcategory', 'add', '', NULL),
(102, 'administration', 'contactcategory', 'list', '', NULL),
(103, 'administration', 'contactcategory', 'edit', '', NULL),
(104, 'administration', 'contactcategory', 'delete', '', NULL),
(105, 'administration', 'menu', 'index', '', NULL),
(106, 'administration', 'menu', 'save', '', NULL),
(107, 'administration', 'menu', 'load', '', NULL),
(108, 'administration', 'dashboard', 'index', '', NULL),
(109, 'administration', 'admissionquestion', 'index', '', NULL),
(110, 'administration', 'admissionquestion', 'list', '', NULL),
(111, 'administration', 'admissionquestion', 'add', '', NULL),
(112, 'administration', 'admissionquestion', 'edit', '', NULL),
(113, 'administration', 'admissionquestion', 'delete', '', NULL),
(114, 'administration', 'material', 'index', '', NULL),
(115, 'administration', 'material', 'add', '', NULL),
(116, 'administration', 'material', 'list', '', NULL),
(117, 'administration', 'material', 'edit', '', NULL),
(118, 'administration', 'material', 'delete', '', NULL),
(119, 'administration', 'event', 'index', '', NULL),
(120, 'administration', 'event', 'list', '', NULL),
(121, 'administration', 'event', 'add', '', NULL),
(122, 'administration', 'event', 'edit', '', NULL),
(123, 'administration', 'event', 'delete', '', NULL),
(124, 'administration', 'video', 'index', '', NULL),
(125, 'administration', 'video', 'list', '', NULL),
(126, 'administration', 'video', 'add', '', NULL),
(127, 'administration', 'video', 'edit', '', NULL),
(128, 'administration', 'video', 'delete', '', NULL),
(129, 'administration', 'newscategory', 'index', '', NULL),
(130, 'administration', 'newscategory', 'list', '', NULL),
(131, 'administration', 'newscategory', 'add', '', NULL),
(132, 'administration', 'newscategory', 'edit', '', NULL),
(133, 'administration', 'newscategory', 'delete', '', NULL),
(134, 'administration', 'rolepermissions', 'index', '', NULL),
(135, 'administration', 'forumcategory', 'index', '', NULL),
(136, 'administration', 'forumcategory', 'add', '', NULL),
(137, 'administration', 'forumcategory', 'edit', '', NULL),
(138, 'administration', 'forumcategory', 'delete', '', NULL),
(139, 'administration', 'attendancerule', 'index', '', NULL),
(140, 'administration', 'attendancerule', 'list', '', NULL),
(141, 'administration', 'attendancerule', 'edit', '', NULL),
(142, 'administration', 'attendancerule', 'add', '', NULL),
(143, 'administration', 'attendancerule', 'delete', '', NULL),
(144, 'administration', 'coursematerial', 'index', '', NULL),
(145, 'administration', 'coursematerial', 'delete', '', NULL),
(146, 'administration', 'coursematerial', 'add', '', NULL),
(147, 'administration', 'coursematerial', 'list', '', NULL),
(148, 'administration', 'coursematerial', 'edit', '', NULL),
(149, 'administration', 'role', 'index', '', NULL),
(150, 'administration', 'role', 'list', '', NULL),
(151, 'administration', 'role', 'add', '', NULL),
(152, 'administration', 'role', 'edit', '', NULL),
(153, 'administration', 'role', 'delete', '', NULL),
(154, 'administration', 'categorycourse', 'index', '', NULL),
(155, 'administration', 'categorycourse', 'add', '', NULL),
(156, 'administration', 'categorycourse', 'delete', '', NULL),
(157, 'administration', 'categorycourse', 'edit', '', NULL),
(158, 'administration', 'categorycourse', 'list', '', NULL),
(159, 'administration', 'admissioninterview', 'index', '', NULL),
(160, 'administration', 'admissioninterview', 'start', '', NULL),
(161, 'administration', 'admissioninterview', 'display', '', NULL),
(162, 'administration', 'admissioninterview', 'save', '', NULL),
(163, 'administration', 'admissioninterview', 'end', '', NULL),
(164, 'administration', 'admissioninterview', 'result', '', NULL),
(165, 'administration', 'page', 'index', '', NULL),
(166, 'administration', 'page', 'list', '', NULL),
(167, 'administration', 'page', 'add', '', NULL),
(168, 'administration', 'page', 'edit', '', NULL),
(169, 'administration', 'page', 'delete', '', NULL),
(170, 'administration', 'poll', 'index', '', NULL),
(171, 'administration', 'poll', 'list', '', NULL),
(172, 'administration', 'poll', 'add', '', NULL),
(173, 'administration', 'poll', 'edit', '', NULL),
(174, 'administration', 'poll', 'delete', '', NULL),
(175, 'administration', 'course', 'index', '', NULL),
(176, 'administration', 'course', 'delete', '', NULL),
(177, 'administration', 'course', 'edit', '', NULL),
(178, 'administration', 'course', 'list', '', NULL),
(179, 'administration', 'course', 'add', '', NULL),
(180, 'administration', 'competition', 'index', '', NULL),
(181, 'administration', 'competition', 'add', '', NULL),
(182, 'administration', 'resource', 'index', '', NULL),
(183, 'administration', 'resource', 'build', '', NULL),
(184, 'administration', 'forumsection', 'index', '', NULL),
(185, 'administration', 'forumsection', 'delete', '', NULL),
(186, 'administration', 'forumsection', 'add', '', NULL),
(187, 'administration', 'forumsection', 'edit', '', NULL);

-- --------------------------------------------------------

--
-- Table structure for table `role`
--

DROP TABLE IF EXISTS `role`;
CREATE TABLE IF NOT EXISTS `role` (
  `id` smallint(6) NOT NULL AUTO_INCREMENT,
  `name` varchar(20) NOT NULL,
  PRIMARY KEY (`id`)
) ENGINE=InnoDB  DEFAULT CHARSET=utf8 AUTO_INCREMENT=5 ;

--
-- Dumping data for table `role`
--

INSERT INTO `role` (`id`, `name`) VALUES
(0, 'superadmin'),
(1, 'admin'),
(2, 'guest'),
(3, 'registered'),
(4, 'graduate');

-- --------------------------------------------------------

--
-- Table structure for table `roleResource`
--

DROP TABLE IF EXISTS `roleResource`;
CREATE TABLE IF NOT EXISTS `roleResource` (
  `roleId` smallint(6) NOT NULL,
  `resourceId` int(11) NOT NULL,
  PRIMARY KEY (`roleId`,`resourceId`),
  KEY `role_idx` (`roleId`),
  KEY `resources_idx` (`resourceId`)
) ENGINE=InnoDB DEFAULT CHARSET=utf8;

--
-- Dumping data for table `roleResource`
--

INSERT INTO `roleResource` (`roleId`, `resourceId`) VALUES
(0, 1),
(0, 2),
(0, 3),
(0, 4),
(0, 5),
(0, 6),
(0, 7),
(0, 8),
(0, 9),
(0, 10),
(0, 11),
(0, 12),
(0, 13),
(0, 14),
(0, 15),
(0, 16),
(0, 17),
(0, 18),
(0, 19),
(0, 20),
(0, 21),
(0, 22),
(0, 23),
(0, 24),
(0, 25),
(0, 26),
(0, 27),
(0, 28),
(0, 29),
(0, 30),
(0, 31),
(0, 32),
(0, 33),
(0, 34),
(0, 35),
(0, 36),
(0, 37),
(0, 38),
(0, 39),
(0, 40),
(0, 41),
(0, 42),
(0, 43),
(0, 44),
(0, 45),
(0, 46),
(0, 47),
(0, 48),
(0, 49),
(0, 50),
(0, 51),
(0, 52),
(0, 53),
(0, 54),
(0, 55),
(0, 56),
(0, 57),
(0, 58),
(0, 59),
(0, 60),
(0, 61),
(0, 62),
(0, 63),
(0, 64),
(0, 65),
(0, 66),
(0, 67),
(0, 68),
(0, 69),
(0, 70),
(0, 71),
(0, 72),
(0, 73),
(0, 74),
(0, 75),
(0, 76),
(0, 77),
(0, 78),
(0, 79),
(0, 80),
(0, 81),
(0, 82),
(0, 83),
(0, 84),
(0, 85),
(0, 86),
(0, 87),
(0, 88),
(0, 89),
(0, 90),
(0, 91),
(0, 92),
(0, 93),
(0, 94),
(0, 95),
(0, 96),
(0, 97),
(0, 98),
(0, 99),
(0, 100),
(0, 101),
(0, 102),
(0, 103),
(0, 104),
(0, 105),
(0, 106),
(0, 107),
(0, 108),
(0, 109),
(0, 110),
(0, 111),
(0, 112),
(0, 113),
(0, 114),
(0, 115),
(0, 116),
(0, 117),
(0, 118),
(0, 119),
(0, 120),
(0, 121),
(0, 122),
(0, 123),
(0, 124),
(0, 125),
(0, 126),
(0, 127),
(0, 128),
(0, 129),
(0, 130),
(0, 131),
(0, 132),
(0, 133),
(0, 134),
(0, 135),
(0, 136),
(0, 137),
(0, 138),
(0, 139),
(0, 140),
(0, 141),
(0, 142),
(0, 143),
(0, 144),
(0, 145),
(0, 146),
(0, 147),
(0, 148),
(0, 149),
(0, 150),
(0, 151),
(0, 152),
(0, 153),
(0, 154),
(0, 155),
(0, 156),
(0, 157),
(0, 158),
(0, 159),
(0, 160),
(0, 161),
(0, 162),
(0, 163),
(0, 164),
(0, 165),
(0, 166),
(0, 167),
(0, 168),
(0, 169),
(0, 170),
(0, 171),
(0, 172),
(0, 173),
(0, 174),
(0, 175),
(0, 176),
(0, 177),
(0, 178),
(0, 179),
(0, 180),
(0, 181),
(0, 182),
(0, 183),
(0, 184),
(0, 185),
(0, 186),
(0, 187),
(1, 3),
(1, 50),
(1, 51),
(1, 52),
(1, 59),
(1, 80),
(1, 81),
(1, 82),
(1, 83),
(1, 84),
(1, 97),
(1, 98),
(2, 1),
(2, 2),
(2, 3),
(2, 4),
(2, 5),
(2, 6),
(2, 7),
(2, 8),
(2, 9),
(2, 10),
(2, 11),
(2, 12),
(2, 13),
(2, 14),
(2, 15),
(2, 16),
(2, 17),
(2, 18),
(2, 19),
(2, 20),
(2, 21),
(2, 22),
(2, 23),
(2, 24),
(2, 25),
(2, 26),
(2, 27),
(2, 28),
(2, 29),
(2, 30),
(2, 31),
(2, 32),
(2, 33),
(2, 34),
(2, 35),
(2, 36),
(2, 37),
(2, 38),
(2, 39),
(2, 40),
(2, 41),
(2, 42),
(2, 43),
(2, 44),
(2, 45),
(3, 1),
(3, 2),
(3, 3),
(3, 4),
(3, 5),
(3, 6),
(3, 7),
(3, 8),
(3, 9),
(3, 10),
(3, 11),
(3, 12),
(3, 13),
(3, 14),
(3, 15),
(3, 16),
(3, 17),
(3, 18),
(3, 19),
(3, 20),
(3, 21),
(3, 22),
(3, 23),
(3, 24),
(3, 25),
(3, 26),
(3, 27),
(3, 28),
(3, 29),
(3, 30),
(3, 31),
(3, 32),
(3, 33),
(3, 34),
(3, 35),
(3, 36),
(3, 37),
(3, 38),
(3, 62),
(3, 63);

-- --------------------------------------------------------

--
-- Table structure for table `service`
--

DROP TABLE IF EXISTS `service`;
CREATE TABLE IF NOT EXISTS `service` (
  `id` int(11) NOT NULL,
  `serviceNumber` varchar(10) NOT NULL,
  `serviceTitle` varchar(50) NOT NULL,
  `serviceBody` varchar(255) NOT NULL,
  `serviceImage` varchar(200) NOT NULL,
  `readMore` varchar(255) NOT NULL
) ENGINE=InnoDB DEFAULT CHARSET=latin1;

-- --------------------------------------------------------

--
-- Table structure for table `session`
--

DROP TABLE IF EXISTS `session`;
CREATE TABLE IF NOT EXISTS `session` (
  `id` char(32) NOT NULL DEFAULT '',
  `modified` int(11) DEFAULT NULL,
  `lifetime` int(11) DEFAULT NULL,
  `data` longtext,
  PRIMARY KEY (`id`)
) ENGINE=InnoDB DEFAULT CHARSET=utf8;

--
-- Dumping data for table `session`
--

INSERT INTO `session` (`id`, `modified`, `lifetime`, `data`) VALUES
('7hum69dcecaucbe0rhcsshilo2', 1442836501, 2592000, 'OSD_ACL_Namespace|a:1:{s:3:"acl";O:8:"Zend_Acl":6:{s:16:"\0*\0_roleRegistry";O:22:"Zend_Acl_Role_Registry":1:{s:9:"\0*\0_roles";a:5:{s:10:"superadmin";a:3:{s:8:"instance";O:13:"Zend_Acl_Role":1:{s:10:"\0*\0_roleId";s:10:"superadmin";}s:7:"parents";a:0:{}s:8:"children";a:0:{}}s:5:"admin";a:3:{s:8:"instance";O:13:"Zend_Acl_Role":1:{s:10:"\0*\0_roleId";s:5:"admin";}s:7:"parents";a:0:{}s:8:"children";a:0:{}}s:5:"guest";a:3:{s:8:"instance";O:13:"Zend_Acl_Role":1:{s:10:"\0*\0_roleId";s:5:"guest";}s:7:"parents";a:0:{}s:8:"children";a:0:{}}s:10:"registered";a:3:{s:8:"instance";O:13:"Zend_Acl_Role":1:{s:10:"\0*\0_roleId";s:10:"registered";}s:7:"parents";a:0:{}s:8:"children";a:0:{}}s:8:"graduate";a:3:{s:8:"instance";O:13:"Zend_Acl_Role":1:{s:10:"\0*\0_roleId";s:8:"graduate";}s:7:"parents";a:0:{}s:8:"children";a:0:{}}}}s:13:"\0*\0_resources";a:187:{s:20:"default::user::index";a:3:{s:8:"instance";O:17:"Zend_Acl_Resource":1:{s:14:"\0*\0_resourceId";s:20:"default::user::index";}s:6:"parent";N;s:8:"children";a:0:{}}s:20:"default::user::login";a:3:{s:8:"instance";O:17:"Zend_Acl_Resource":1:{s:14:"\0*\0_resourceId";s:20:"default::user::login";}s:6:"parent";N;s:8:"children";a:0:{}}s:21:"default::user::logout";a:3:{s:8:"instance";O:17:"Zend_Acl_Resource":1:{s:14:"\0*\0_resourceId";s:21:"default::user::logout";}s:6:"parent";N;s:8:"children";a:0:{}}s:22:"default::user::profile";a:3:{s:8:"instance";O:17:"Zend_Acl_Resource":1:{s:14:"\0*\0_resourceId";s:22:"default::user::profile";}s:6:"parent";N;s:8:"children";a:0:{}}s:23:"default::user::register";a:3:{s:8:"instance";O:17:"Zend_Acl_Resource":1:{s:14:"\0*\0_resourceId";s:23:"default::user::register";}s:6:"parent";N;s:8:"children";a:0:{}}s:20:"default::news::index";a:3:{s:8:"instance";O:17:"Zend_Acl_Resource":1:{s:14:"\0*\0_resourceId";s:20:"default::news::index";}s:6:"parent";N;s:8:"children";a:0:{}}s:19:"default::news::list";a:3:{s:8:"instance";O:17:"Zend_Acl_Resource":1:{s:14:"\0*\0_resourceId";s:19:"default::news::list";}s:6:"parent";N;s:8:"children";a:0:{}}s:23:"default::news::category";a:3:{s:8:"instance";O:17:"Zend_Acl_Resource":1:{s:14:"\0*\0_resourceId";s:23:"default::news::category";}s:6:"parent";N;s:8:"children";a:0:{}}s:19:"default::news::view";a:3:{s:8:"instance";O:17:"Zend_Acl_Resource":1:{s:14:"\0*\0_resourceId";s:19:"default::news::view";}s:6:"parent";N;s:8:"children";a:0:{}}s:21:"default::album::index";a:3:{s:8:"instance";O:17:"Zend_Acl_Resource":1:{s:14:"\0*\0_resourceId";s:21:"default::album::index";}s:6:"parent";N;s:8:"children";a:0:{}}s:20:"default::album::list";a:3:{s:8:"instance";O:17:"Zend_Acl_Resource":1:{s:14:"\0*\0_resourceId";s:20:"default::album::list";}s:6:"parent";N;s:8:"children";a:0:{}}s:20:"default::album::view";a:3:{s:8:"instance";O:17:"Zend_Acl_Resource":1:{s:14:"\0*\0_resourceId";s:20:"default::album::view";}s:6:"parent";N;s:8:"children";a:0:{}}s:21:"default::index::index";a:3:{s:8:"instance";O:17:"Zend_Acl_Resource":1:{s:14:"\0*\0_resourceId";s:21:"default::index::index";}s:6:"parent";N;s:8:"children";a:0:{}}s:21:"default::forum::index";a:3:{s:8:"instance";O:17:"Zend_Acl_Resource":1:{s:14:"\0*\0_resourceId";s:21:"default::forum::index";}s:6:"parent";N;s:8:"children";a:0:{}}s:23:"default::forum::section";a:3:{s:8:"instance";O:17:"Zend_Acl_Resource":1:{s:14:"\0*\0_resourceId";s:23:"default::forum::section";}s:6:"parent";N;s:8:"children";a:0:{}}s:21:"default::forum::topic";a:3:{s:8:"instance";O:17:"Zend_Acl_Resource":1:{s:14:"\0*\0_resourceId";s:21:"default::forum::topic";}s:6:"parent";N;s:8:"children";a:0:{}}s:24:"default::forum::addtopic";a:3:{s:8:"instance";O:17:"Zend_Acl_Resource":1:{s:14:"\0*\0_resourceId";s:24:"default::forum::addtopic";}s:6:"parent";N;s:8:"children";a:0:{}}s:21:"default::event::index";a:3:{s:8:"instance";O:17:"Zend_Acl_Resource":1:{s:14:"\0*\0_resourceId";s:21:"default::event::index";}s:6:"parent";N;s:8:"children";a:0:{}}s:20:"default::event::list";a:3:{s:8:"instance";O:17:"Zend_Acl_Resource":1:{s:14:"\0*\0_resourceId";s:20:"default::event::list";}s:6:"parent";N;s:8:"children";a:0:{}}s:28:"default::event::month-events";a:3:{s:8:"instance";O:17:"Zend_Acl_Resource":1:{s:14:"\0*\0_resourceId";s:28:"default::event::month-events";}s:6:"parent";N;s:8:"children";a:0:{}}s:21:"default::video::index";a:3:{s:8:"instance";O:17:"Zend_Acl_Resource":1:{s:14:"\0*\0_resourceId";s:21:"default::video::index";}s:6:"parent";N;s:8:"children";a:0:{}}s:20:"default::video::list";a:3:{s:8:"instance";O:17:"Zend_Acl_Resource":1:{s:14:"\0*\0_resourceId";s:20:"default::video::list";}s:6:"parent";N;s:8:"children";a:0:{}}s:23:"default::careeer::index";a:3:{s:8:"instance";O:17:"Zend_Acl_Resource":1:{s:14:"\0*\0_resourceId";s:23:"default::careeer::index";}s:6:"parent";N;s:8:"children";a:0:{}}s:20:"default::page::index";a:3:{s:8:"instance";O:17:"Zend_Acl_Resource":1:{s:14:"\0*\0_resourceId";s:20:"default::page::index";}s:6:"parent";N;s:8:"children";a:0:{}}s:19:"default::page::view";a:3:{s:8:"instance";O:17:"Zend_Acl_Resource":1:{s:14:"\0*\0_resourceId";s:19:"default::page::view";}s:6:"parent";N;s:8:"children";a:0:{}}s:20:"default::poll::index";a:3:{s:8:"instance";O:17:"Zend_Acl_Resource":1:{s:14:"\0*\0_resourceId";s:20:"default::poll::index";}s:6:"parent";N;s:8:"children";a:0:{}}s:21:"default::poll::result";a:3:{s:8:"instance";O:17:"Zend_Acl_Resource":1:{s:14:"\0*\0_resourceId";s:21:"default::poll::result";}s:6:"parent";N;s:8:"children";a:0:{}}s:23:"default::project::index";a:3:{s:8:"instance";O:17:"Zend_Acl_Resource":1:{s:14:"\0*\0_resourceId";s:23:"default::project::index";}s:6:"parent";N;s:8:"children";a:0:{}}s:29:"default::project::viewproject";a:3:{s:8:"instance";O:17:"Zend_Acl_Resource":1:{s:14:"\0*\0_resourceId";s:29:"default::project::viewproject";}s:6:"parent";N;s:8:"children";a:0:{}}s:22:"default::project::view";a:3:{s:8:"instance";O:17:"Zend_Acl_Resource":1:{s:14:"\0*\0_resourceId";s:22:"default::project::view";}s:6:"parent";N;s:8:"children";a:0:{}}s:29:"default::project::listproject";a:3:{s:8:"instance";O:17:"Zend_Acl_Resource":1:{s:14:"\0*\0_resourceId";s:29:"default::project::listproject";}s:6:"parent";N;s:8:"children";a:0:{}}s:21:"default::error::error";a:3:{s:8:"instance";O:17:"Zend_Acl_Resource":1:{s:14:"\0*\0_resourceId";s:21:"default::error::error";}s:6:"parent";N;s:8:"children";a:0:{}}s:22:"default::course::index";a:3:{s:8:"instance";O:17:"Zend_Acl_Resource":1:{s:14:"\0*\0_resourceId";s:22:"default::course::index";}s:6:"parent";N;s:8:"children";a:0:{}}s:27:"default::course::getcourses";a:3:{s:8:"instance";O:17:"Zend_Acl_Resource":1:{s:14:"\0*\0_resourceId";s:27:"default::course::getcourses";}s:6:"parent";N;s:8:"children";a:0:{}}s:35:"default::course::getcourse-category";a:3:{s:8:"instance";O:17:"Zend_Acl_Resource":1:{s:14:"\0*\0_resourceId";s:35:"default::course::getcourse-category";}s:6:"parent";N;s:8:"children";a:0:{}}s:30:"default::course::getcitiesajax";a:3:{s:8:"instance";O:17:"Zend_Acl_Resource":1:{s:14:"\0*\0_resourceId";s:30:"default::course::getcitiesajax";}s:6:"parent";N;s:8:"children";a:0:{}}s:27:"default::competition::index";a:3:{s:8:"instance";O:17:"Zend_Acl_Resource":1:{s:14:"\0*\0_resourceId";s:27:"default::competition::index";}s:6:"parent";N;s:8:"children";a:0:{}}s:25:"default::competition::add";a:3:{s:8:"instance";O:17:"Zend_Acl_Resource":1:{s:14:"\0*\0_resourceId";s:25:"default::competition::add";}s:6:"parent";N;s:8:"children";a:0:{}}s:19:"default::job::index";a:3:{s:8:"instance";O:17:"Zend_Acl_Resource":1:{s:14:"\0*\0_resourceId";s:19:"default::job::index";}s:6:"parent";N;s:8:"children";a:0:{}}s:18:"default::job::list";a:3:{s:8:"instance";O:17:"Zend_Acl_Resource":1:{s:14:"\0*\0_resourceId";s:18:"default::job::list";}s:6:"parent";N;s:8:"children";a:0:{}}s:17:"default::job::add";a:3:{s:8:"instance";O:17:"Zend_Acl_Resource":1:{s:14:"\0*\0_resourceId";s:17:"default::job::add";}s:6:"parent";N;s:8:"children";a:0:{}}s:24:"default::graduate::index";a:3:{s:8:"instance";O:17:"Zend_Acl_Resource":1:{s:14:"\0*\0_resourceId";s:24:"default::graduate::index";}s:6:"parent";N;s:8:"children";a:0:{}}s:23:"default::graduate::list";a:3:{s:8:"instance";O:17:"Zend_Acl_Resource":1:{s:14:"\0*\0_resourceId";s:23:"default::graduate::list";}s:6:"parent";N;s:8:"children";a:0:{}}s:23:"default::contact::index";a:3:{s:8:"instance";O:17:"Zend_Acl_Resource":1:{s:14:"\0*\0_resourceId";s:23:"default::contact::index";}s:6:"parent";N;s:8:"children";a:0:{}}s:27:"administration::user::index";a:3:{s:8:"instance";O:17:"Zend_Acl_Resource":1:{s:14:"\0*\0_resourceId";s:27:"administration::user::index";}s:6:"parent";N;s:8:"children";a:0:{}}s:26:"administration::user::list";a:3:{s:8:"instance";O:17:"Zend_Acl_Resource":1:{s:14:"\0*\0_resourceId";s:26:"administration::user::list";}s:6:"parent";N;s:8:"children";a:0:{}}s:25:"administration::user::add";a:3:{s:8:"instance";O:17:"Zend_Acl_Resource":1:{s:14:"\0*\0_resourceId";s:25:"administration::user::add";}s:6:"parent";N;s:8:"children";a:0:{}}s:26:"administration::user::edit";a:3:{s:8:"instance";O:17:"Zend_Acl_Resource":1:{s:14:"\0*\0_resourceId";s:26:"administration::user::edit";}s:6:"parent";N;s:8:"children";a:0:{}}s:28:"administration::user::delete";a:3:{s:8:"instance";O:17:"Zend_Acl_Resource":1:{s:14:"\0*\0_resourceId";s:28:"administration::user::delete";}s:6:"parent";N;s:8:"children";a:0:{}}s:29:"administration::user::profile";a:3:{s:8:"instance";O:17:"Zend_Acl_Resource":1:{s:14:"\0*\0_resourceId";s:29:"administration::user::profile";}s:6:"parent";N;s:8:"children";a:0:{}}s:33:"administration::user::editprofile";a:3:{s:8:"instance";O:17:"Zend_Acl_Resource":1:{s:14:"\0*\0_resourceId";s:33:"administration::user::editprofile";}s:6:"parent";N;s:8:"children";a:0:{}}s:28:"administration::image::index";a:3:{s:8:"instance";O:17:"Zend_Acl_Resource":1:{s:14:"\0*\0_resourceId";s:28:"administration::image::index";}s:6:"parent";N;s:8:"children";a:0:{}}s:27:"administration::image::list";a:3:{s:8:"instance";O:17:"Zend_Acl_Resource":1:{s:14:"\0*\0_resourceId";s:27:"administration::image::list";}s:6:"parent";N;s:8:"children";a:0:{}}s:26:"administration::image::add";a:3:{s:8:"instance";O:17:"Zend_Acl_Resource":1:{s:14:"\0*\0_resourceId";s:26:"administration::image::add";}s:6:"parent";N;s:8:"children";a:0:{}}s:27:"administration::image::edit";a:3:{s:8:"instance";O:17:"Zend_Acl_Resource":1:{s:14:"\0*\0_resourceId";s:27:"administration::image::edit";}s:6:"parent";N;s:8:"children";a:0:{}}s:28:"administration::image::cover";a:3:{s:8:"instance";O:17:"Zend_Acl_Resource":1:{s:14:"\0*\0_resourceId";s:28:"administration::image::cover";}s:6:"parent";N;s:8:"children";a:0:{}}s:29:"administration::image::delete";a:3:{s:8:"instance";O:17:"Zend_Acl_Resource":1:{s:14:"\0*\0_resourceId";s:29:"administration::image::delete";}s:6:"parent";N;s:8:"children";a:0:{}}s:27:"administration::news::index";a:3:{s:8:"instance";O:17:"Zend_Acl_Resource":1:{s:14:"\0*\0_resourceId";s:27:"administration::news::index";}s:6:"parent";N;s:8:"children";a:0:{}}s:26:"administration::news::list";a:3:{s:8:"instance";O:17:"Zend_Acl_Resource":1:{s:14:"\0*\0_resourceId";s:26:"administration::news::list";}s:6:"parent";N;s:8:"children";a:0:{}}s:25:"administration::news::add";a:3:{s:8:"instance";O:17:"Zend_Acl_Resource":1:{s:14:"\0*\0_resourceId";s:25:"administration::news::add";}s:6:"parent";N;s:8:"children";a:0:{}}s:26:"administration::news::edit";a:3:{s:8:"instance";O:17:"Zend_Acl_Resource":1:{s:14:"\0*\0_resourceId";s:26:"administration::news::edit";}s:6:"parent";N;s:8:"children";a:0:{}}s:28:"administration::news::delete";a:3:{s:8:"instance";O:17:"Zend_Acl_Resource":1:{s:14:"\0*\0_resourceId";s:28:"administration::news::delete";}s:6:"parent";N;s:8:"children";a:0:{}}s:40:"administration::admissioncategory::index";a:3:{s:8:"instance";O:17:"Zend_Acl_Resource":1:{s:14:"\0*\0_resourceId";s:40:"administration::admissioncategory::index";}s:6:"parent";N;s:8:"children";a:0:{}}s:39:"administration::admissioncategory::list";a:3:{s:8:"instance";O:17:"Zend_Acl_Resource":1:{s:14:"\0*\0_resourceId";s:39:"administration::admissioncategory::list";}s:6:"parent";N;s:8:"children";a:0:{}}s:38:"administration::admissioncategory::add";a:3:{s:8:"instance";O:17:"Zend_Acl_Resource":1:{s:14:"\0*\0_resourceId";s:38:"administration::admissioncategory::add";}s:6:"parent";N;s:8:"children";a:0:{}}s:39:"administration::admissioncategory::edit";a:3:{s:8:"instance";O:17:"Zend_Acl_Resource":1:{s:14:"\0*\0_resourceId";s:39:"administration::admissioncategory::edit";}s:6:"parent";N;s:8:"children";a:0:{}}s:41:"administration::admissioncategory::delete";a:3:{s:8:"instance";O:17:"Zend_Acl_Resource":1:{s:14:"\0*\0_resourceId";s:41:"administration::admissioncategory::delete";}s:6:"parent";N;s:8:"children";a:0:{}}s:31:"administration::question::index";a:3:{s:8:"instance";O:17:"Zend_Acl_Resource":1:{s:14:"\0*\0_resourceId";s:31:"administration::question::index";}s:6:"parent";N;s:8:"children";a:0:{}}s:29:"administration::question::add";a:3:{s:8:"instance";O:17:"Zend_Acl_Resource":1:{s:14:"\0*\0_resourceId";s:29:"administration::question::add";}s:6:"parent";N;s:8:"children";a:0:{}}s:32:"administration::applicant::index";a:3:{s:8:"instance";O:17:"Zend_Acl_Resource":1:{s:14:"\0*\0_resourceId";s:32:"administration::applicant::index";}s:6:"parent";N;s:8:"children";a:0:{}}s:31:"administration::applicant::list";a:3:{s:8:"instance";O:17:"Zend_Acl_Resource":1:{s:14:"\0*\0_resourceId";s:31:"administration::applicant::list";}s:6:"parent";N;s:8:"children";a:0:{}}s:30:"administration::applicant::add";a:3:{s:8:"instance";O:17:"Zend_Acl_Resource":1:{s:14:"\0*\0_resourceId";s:30:"administration::applicant::add";}s:6:"parent";N;s:8:"children";a:0:{}}s:31:"administration::applicant::edit";a:3:{s:8:"instance";O:17:"Zend_Acl_Resource":1:{s:14:"\0*\0_resourceId";s:31:"administration::applicant::edit";}s:6:"parent";N;s:8:"children";a:0:{}}s:33:"administration::applicant::delete";a:3:{s:8:"instance";O:17:"Zend_Acl_Resource":1:{s:14:"\0*\0_resourceId";s:33:"administration::applicant::delete";}s:6:"parent";N;s:8:"children";a:0:{}}s:28:"administration::topic::index";a:3:{s:8:"instance";O:17:"Zend_Acl_Resource":1:{s:14:"\0*\0_resourceId";s:28:"administration::topic::index";}s:6:"parent";N;s:8:"children";a:0:{}}s:26:"administration::topic::add";a:3:{s:8:"instance";O:17:"Zend_Acl_Resource":1:{s:14:"\0*\0_resourceId";s:26:"administration::topic::add";}s:6:"parent";N;s:8:"children";a:0:{}}s:27:"administration::topic::edit";a:3:{s:8:"instance";O:17:"Zend_Acl_Resource":1:{s:14:"\0*\0_resourceId";s:27:"administration::topic::edit";}s:6:"parent";N;s:8:"children";a:0:{}}s:29:"administration::topic::delete";a:3:{s:8:"instance";O:17:"Zend_Acl_Resource":1:{s:14:"\0*\0_resourceId";s:29:"administration::topic::delete";}s:6:"parent";N;s:8:"children";a:0:{}}s:36:"administration::projectportal::index";a:3:{s:8:"instance";O:17:"Zend_Acl_Resource":1:{s:14:"\0*\0_resourceId";s:36:"administration::projectportal::index";}s:6:"parent";N;s:8:"children";a:0:{}}s:35:"administration::projectportal::list";a:3:{s:8:"instance";O:17:"Zend_Acl_Resource":1:{s:14:"\0*\0_resourceId";s:35:"administration::projectportal::list";}s:6:"parent";N;s:8:"children";a:0:{}}s:34:"administration::projectportal::add";a:3:{s:8:"instance";O:17:"Zend_Acl_Resource":1:{s:14:"\0*\0_resourceId";s:34:"administration::projectportal::add";}s:6:"parent";N;s:8:"children";a:0:{}}s:35:"administration::projectportal::edit";a:3:{s:8:"instance";O:17:"Zend_Acl_Resource":1:{s:14:"\0*\0_resourceId";s:35:"administration::projectportal::edit";}s:6:"parent";N;s:8:"children";a:0:{}}s:37:"administration::projectportal::delete";a:3:{s:8:"instance";O:17:"Zend_Acl_Resource":1:{s:14:"\0*\0_resourceId";s:37:"administration::projectportal::delete";}s:6:"parent";N;s:8:"children";a:0:{}}s:33:"administration::attendance::index";a:3:{s:8:"instance";O:17:"Zend_Acl_Resource":1:{s:14:"\0*\0_resourceId";s:33:"administration::attendance::index";}s:6:"parent";N;s:8:"children";a:0:{}}s:34:"administration::attendance::insert";a:3:{s:8:"instance";O:17:"Zend_Acl_Resource":1:{s:14:"\0*\0_resourceId";s:34:"administration::attendance::insert";}s:6:"parent";N;s:8:"children";a:0:{}}s:28:"administration::album::index";a:3:{s:8:"instance";O:17:"Zend_Acl_Resource":1:{s:14:"\0*\0_resourceId";s:28:"administration::album::index";}s:6:"parent";N;s:8:"children";a:0:{}}s:27:"administration::album::list";a:3:{s:8:"instance";O:17:"Zend_Acl_Resource":1:{s:14:"\0*\0_resourceId";s:27:"administration::album::list";}s:6:"parent";N;s:8:"children";a:0:{}}s:26:"administration::album::add";a:3:{s:8:"instance";O:17:"Zend_Acl_Resource":1:{s:14:"\0*\0_resourceId";s:26:"administration::album::add";}s:6:"parent";N;s:8:"children";a:0:{}}s:29:"administration::album::upload";a:3:{s:8:"instance";O:17:"Zend_Acl_Resource":1:{s:14:"\0*\0_resourceId";s:29:"administration::album::upload";}s:6:"parent";N;s:8:"children";a:0:{}}s:27:"administration::album::edit";a:3:{s:8:"instance";O:17:"Zend_Acl_Resource":1:{s:14:"\0*\0_resourceId";s:27:"administration::album::edit";}s:6:"parent";N;s:8:"children";a:0:{}}s:29:"administration::album::delete";a:3:{s:8:"instance";O:17:"Zend_Acl_Resource":1:{s:14:"\0*\0_resourceId";s:29:"administration::album::delete";}s:6:"parent";N;s:8:"children";a:0:{}}s:27:"administration::main::index";a:3:{s:8:"instance";O:17:"Zend_Acl_Resource":1:{s:14:"\0*\0_resourceId";s:27:"administration::main::index";}s:6:"parent";N;s:8:"children";a:0:{}}s:28:"administration::index::index";a:3:{s:8:"instance";O:17:"Zend_Acl_Resource":1:{s:14:"\0*\0_resourceId";s:28:"administration::index::index";}s:6:"parent";N;s:8:"children";a:0:{}}s:28:"administration::index::login";a:3:{s:8:"instance";O:17:"Zend_Acl_Resource":1:{s:14:"\0*\0_resourceId";s:28:"administration::index::login";}s:6:"parent";N;s:8:"children";a:0:{}}s:29:"administration::index::logout";a:3:{s:8:"instance";O:17:"Zend_Acl_Resource":1:{s:14:"\0*\0_resourceId";s:29:"administration::index::logout";}s:6:"parent";N;s:8:"children";a:0:{}}s:42:"administration::competitioncategory::index";a:3:{s:8:"instance";O:17:"Zend_Acl_Resource":1:{s:14:"\0*\0_resourceId";s:42:"administration::competitioncategory::index";}s:6:"parent";N;s:8:"children";a:0:{}}s:40:"administration::competitioncategory::add";a:3:{s:8:"instance";O:17:"Zend_Acl_Resource":1:{s:14:"\0*\0_resourceId";s:40:"administration::competitioncategory::add";}s:6:"parent";N;s:8:"children";a:0:{}}s:41:"administration::competitioncategory::edit";a:3:{s:8:"instance";O:17:"Zend_Acl_Resource":1:{s:14:"\0*\0_resourceId";s:41:"administration::competitioncategory::edit";}s:6:"parent";N;s:8:"children";a:0:{}}s:43:"administration::competitioncategory::delete";a:3:{s:8:"instance";O:17:"Zend_Acl_Resource":1:{s:14:"\0*\0_resourceId";s:43:"administration::competitioncategory::delete";}s:6:"parent";N;s:8:"children";a:0:{}}s:38:"administration::contactcategory::index";a:3:{s:8:"instance";O:17:"Zend_Acl_Resource":1:{s:14:"\0*\0_resourceId";s:38:"administration::contactcategory::index";}s:6:"parent";N;s:8:"children";a:0:{}}s:36:"administration::contactcategory::add";a:3:{s:8:"instance";O:17:"Zend_Acl_Resource":1:{s:14:"\0*\0_resourceId";s:36:"administration::contactcategory::add";}s:6:"parent";N;s:8:"children";a:0:{}}s:37:"administration::contactcategory::list";a:3:{s:8:"instance";O:17:"Zend_Acl_Resource":1:{s:14:"\0*\0_resourceId";s:37:"administration::contactcategory::list";}s:6:"parent";N;s:8:"children";a:0:{}}s:37:"administration::contactcategory::edit";a:3:{s:8:"instance";O:17:"Zend_Acl_Resource":1:{s:14:"\0*\0_resourceId";s:37:"administration::contactcategory::edit";}s:6:"parent";N;s:8:"children";a:0:{}}s:39:"administration::contactcategory::delete";a:3:{s:8:"instance";O:17:"Zend_Acl_Resource":1:{s:14:"\0*\0_resourceId";s:39:"administration::contactcategory::delete";}s:6:"parent";N;s:8:"children";a:0:{}}s:27:"administration::menu::index";a:3:{s:8:"instance";O:17:"Zend_Acl_Resource":1:{s:14:"\0*\0_resourceId";s:27:"administration::menu::index";}s:6:"parent";N;s:8:"children";a:0:{}}s:26:"administration::menu::save";a:3:{s:8:"instance";O:17:"Zend_Acl_Resource":1:{s:14:"\0*\0_resourceId";s:26:"administration::menu::save";}s:6:"parent";N;s:8:"children";a:0:{}}s:26:"administration::menu::load";a:3:{s:8:"instance";O:17:"Zend_Acl_Resource":1:{s:14:"\0*\0_resourceId";s:26:"administration::menu::load";}s:6:"parent";N;s:8:"children";a:0:{}}s:32:"administration::dashboard::index";a:3:{s:8:"instance";O:17:"Zend_Acl_Resource":1:{s:14:"\0*\0_resourceId";s:32:"administration::dashboard::index";}s:6:"parent";N;s:8:"children";a:0:{}}s:40:"administration::admissionquestion::index";a:3:{s:8:"instance";O:17:"Zend_Acl_Resource":1:{s:14:"\0*\0_resourceId";s:40:"administration::admissionquestion::index";}s:6:"parent";N;s:8:"children";a:0:{}}s:39:"administration::admissionquestion::list";a:3:{s:8:"instance";O:17:"Zend_Acl_Resource":1:{s:14:"\0*\0_resourceId";s:39:"administration::admissionquestion::list";}s:6:"parent";N;s:8:"children";a:0:{}}s:38:"administration::admissionquestion::add";a:3:{s:8:"instance";O:17:"Zend_Acl_Resource":1:{s:14:"\0*\0_resourceId";s:38:"administration::admissionquestion::add";}s:6:"parent";N;s:8:"children";a:0:{}}s:39:"administration::admissionquestion::edit";a:3:{s:8:"instance";O:17:"Zend_Acl_Resource":1:{s:14:"\0*\0_resourceId";s:39:"administration::admissionquestion::edit";}s:6:"parent";N;s:8:"children";a:0:{}}s:41:"administration::admissionquestion::delete";a:3:{s:8:"instance";O:17:"Zend_Acl_Resource":1:{s:14:"\0*\0_resourceId";s:41:"administration::admissionquestion::delete";}s:6:"parent";N;s:8:"children";a:0:{}}s:31:"administration::material::index";a:3:{s:8:"instance";O:17:"Zend_Acl_Resource":1:{s:14:"\0*\0_resourceId";s:31:"administration::material::index";}s:6:"parent";N;s:8:"children";a:0:{}}s:29:"administration::material::add";a:3:{s:8:"instance";O:17:"Zend_Acl_Resource":1:{s:14:"\0*\0_resourceId";s:29:"administration::material::add";}s:6:"parent";N;s:8:"children";a:0:{}}s:30:"administration::material::list";a:3:{s:8:"instance";O:17:"Zend_Acl_Resource":1:{s:14:"\0*\0_resourceId";s:30:"administration::material::list";}s:6:"parent";N;s:8:"children";a:0:{}}s:30:"administration::material::edit";a:3:{s:8:"instance";O:17:"Zend_Acl_Resource":1:{s:14:"\0*\0_resourceId";s:30:"administration::material::edit";}s:6:"parent";N;s:8:"children";a:0:{}}s:32:"administration::material::delete";a:3:{s:8:"instance";O:17:"Zend_Acl_Resource":1:{s:14:"\0*\0_resourceId";s:32:"administration::material::delete";}s:6:"parent";N;s:8:"children";a:0:{}}s:28:"administration::event::index";a:3:{s:8:"instance";O:17:"Zend_Acl_Resource":1:{s:14:"\0*\0_resourceId";s:28:"administration::event::index";}s:6:"parent";N;s:8:"children";a:0:{}}s:27:"administration::event::list";a:3:{s:8:"instance";O:17:"Zend_Acl_Resource":1:{s:14:"\0*\0_resourceId";s:27:"administration::event::list";}s:6:"parent";N;s:8:"children";a:0:{}}s:26:"administration::event::add";a:3:{s:8:"instance";O:17:"Zend_Acl_Resource":1:{s:14:"\0*\0_resourceId";s:26:"administration::event::add";}s:6:"parent";N;s:8:"children";a:0:{}}s:27:"administration::event::edit";a:3:{s:8:"instance";O:17:"Zend_Acl_Resource":1:{s:14:"\0*\0_resourceId";s:27:"administration::event::edit";}s:6:"parent";N;s:8:"children";a:0:{}}s:29:"administration::event::delete";a:3:{s:8:"instance";O:17:"Zend_Acl_Resource":1:{s:14:"\0*\0_resourceId";s:29:"administration::event::delete";}s:6:"parent";N;s:8:"children";a:0:{}}s:28:"administration::video::index";a:3:{s:8:"instance";O:17:"Zend_Acl_Resource":1:{s:14:"\0*\0_resourceId";s:28:"administration::video::index";}s:6:"parent";N;s:8:"children";a:0:{}}s:27:"administration::video::list";a:3:{s:8:"instance";O:17:"Zend_Acl_Resource":1:{s:14:"\0*\0_resourceId";s:27:"administration::video::list";}s:6:"parent";N;s:8:"children";a:0:{}}s:26:"administration::video::add";a:3:{s:8:"instance";O:17:"Zend_Acl_Resource":1:{s:14:"\0*\0_resourceId";s:26:"administration::video::add";}s:6:"parent";N;s:8:"children";a:0:{}}s:27:"administration::video::edit";a:3:{s:8:"instance";O:17:"Zend_Acl_Resource":1:{s:14:"\0*\0_resourceId";s:27:"administration::video::edit";}s:6:"parent";N;s:8:"children";a:0:{}}s:29:"administration::video::delete";a:3:{s:8:"instance";O:17:"Zend_Acl_Resource":1:{s:14:"\0*\0_resourceId";s:29:"administration::video::delete";}s:6:"parent";N;s:8:"children";a:0:{}}s:35:"administration::newscategory::index";a:3:{s:8:"instance";O:17:"Zend_Acl_Resource":1:{s:14:"\0*\0_resourceId";s:35:"administration::newscategory::index";}s:6:"parent";N;s:8:"children";a:0:{}}s:34:"administration::newscategory::list";a:3:{s:8:"instance";O:17:"Zend_Acl_Resource":1:{s:14:"\0*\0_resourceId";s:34:"administration::newscategory::list";}s:6:"parent";N;s:8:"children";a:0:{}}s:33:"administration::newscategory::add";a:3:{s:8:"instance";O:17:"Zend_Acl_Resource":1:{s:14:"\0*\0_resourceId";s:33:"administration::newscategory::add";}s:6:"parent";N;s:8:"children";a:0:{}}s:34:"administration::newscategory::edit";a:3:{s:8:"instance";O:17:"Zend_Acl_Resource":1:{s:14:"\0*\0_resourceId";s:34:"administration::newscategory::edit";}s:6:"parent";N;s:8:"children";a:0:{}}s:36:"administration::newscategory::delete";a:3:{s:8:"instance";O:17:"Zend_Acl_Resource":1:{s:14:"\0*\0_resourceId";s:36:"administration::newscategory::delete";}s:6:"parent";N;s:8:"children";a:0:{}}s:38:"administration::rolepermissions::index";a:3:{s:8:"instance";O:17:"Zend_Acl_Resource":1:{s:14:"\0*\0_resourceId";s:38:"administration::rolepermissions::index";}s:6:"parent";N;s:8:"children";a:0:{}}s:36:"administration::forumcategory::index";a:3:{s:8:"instance";O:17:"Zend_Acl_Resource":1:{s:14:"\0*\0_resourceId";s:36:"administration::forumcategory::index";}s:6:"parent";N;s:8:"children";a:0:{}}s:34:"administration::forumcategory::add";a:3:{s:8:"instance";O:17:"Zend_Acl_Resource":1:{s:14:"\0*\0_resourceId";s:34:"administration::forumcategory::add";}s:6:"parent";N;s:8:"children";a:0:{}}s:35:"administration::forumcategory::edit";a:3:{s:8:"instance";O:17:"Zend_Acl_Resource":1:{s:14:"\0*\0_resourceId";s:35:"administration::forumcategory::edit";}s:6:"parent";N;s:8:"children";a:0:{}}s:37:"administration::forumcategory::delete";a:3:{s:8:"instance";O:17:"Zend_Acl_Resource":1:{s:14:"\0*\0_resourceId";s:37:"administration::forumcategory::delete";}s:6:"parent";N;s:8:"children";a:0:{}}s:37:"administration::attendancerule::index";a:3:{s:8:"instance";O:17:"Zend_Acl_Resource":1:{s:14:"\0*\0_resourceId";s:37:"administration::attendancerule::index";}s:6:"parent";N;s:8:"children";a:0:{}}s:36:"administration::attendancerule::list";a:3:{s:8:"instance";O:17:"Zend_Acl_Resource":1:{s:14:"\0*\0_resourceId";s:36:"administration::attendancerule::list";}s:6:"parent";N;s:8:"children";a:0:{}}s:36:"administration::attendancerule::edit";a:3:{s:8:"instance";O:17:"Zend_Acl_Resource":1:{s:14:"\0*\0_resourceId";s:36:"administration::attendancerule::edit";}s:6:"parent";N;s:8:"children";a:0:{}}s:35:"administration::attendancerule::add";a:3:{s:8:"instance";O:17:"Zend_Acl_Resource":1:{s:14:"\0*\0_resourceId";s:35:"administration::attendancerule::add";}s:6:"parent";N;s:8:"children";a:0:{}}s:38:"administration::attendancerule::delete";a:3:{s:8:"instance";O:17:"Zend_Acl_Resource":1:{s:14:"\0*\0_resourceId";s:38:"administration::attendancerule::delete";}s:6:"parent";N;s:8:"children";a:0:{}}s:37:"administration::coursematerial::index";a:3:{s:8:"instance";O:17:"Zend_Acl_Resource":1:{s:14:"\0*\0_resourceId";s:37:"administration::coursematerial::index";}s:6:"parent";N;s:8:"children";a:0:{}}s:38:"administration::coursematerial::delete";a:3:{s:8:"instance";O:17:"Zend_Acl_Resource":1:{s:14:"\0*\0_resourceId";s:38:"administration::coursematerial::delete";}s:6:"parent";N;s:8:"children";a:0:{}}s:35:"administration::coursematerial::add";a:3:{s:8:"instance";O:17:"Zend_Acl_Resource":1:{s:14:"\0*\0_resourceId";s:35:"administration::coursematerial::add";}s:6:"parent";N;s:8:"children";a:0:{}}s:36:"administration::coursematerial::list";a:3:{s:8:"instance";O:17:"Zend_Acl_Resource":1:{s:14:"\0*\0_resourceId";s:36:"administration::coursematerial::list";}s:6:"parent";N;s:8:"children";a:0:{}}s:36:"administration::coursematerial::edit";a:3:{s:8:"instance";O:17:"Zend_Acl_Resource":1:{s:14:"\0*\0_resourceId";s:36:"administration::coursematerial::edit";}s:6:"parent";N;s:8:"children";a:0:{}}s:27:"administration::role::index";a:3:{s:8:"instance";O:17:"Zend_Acl_Resource":1:{s:14:"\0*\0_resourceId";s:27:"administration::role::index";}s:6:"parent";N;s:8:"children";a:0:{}}s:26:"administration::role::list";a:3:{s:8:"instance";O:17:"Zend_Acl_Resource":1:{s:14:"\0*\0_resourceId";s:26:"administration::role::list";}s:6:"parent";N;s:8:"children";a:0:{}}s:25:"administration::role::add";a:3:{s:8:"instance";O:17:"Zend_Acl_Resource":1:{s:14:"\0*\0_resourceId";s:25:"administration::role::add";}s:6:"parent";N;s:8:"children";a:0:{}}s:26:"administration::role::edit";a:3:{s:8:"instance";O:17:"Zend_Acl_Resource":1:{s:14:"\0*\0_resourceId";s:26:"administration::role::edit";}s:6:"parent";N;s:8:"children";a:0:{}}s:28:"administration::role::delete";a:3:{s:8:"instance";O:17:"Zend_Acl_Resource":1:{s:14:"\0*\0_resourceId";s:28:"administration::role::delete";}s:6:"parent";N;s:8:"children";a:0:{}}s:37:"administration::categorycourse::index";a:3:{s:8:"instance";O:17:"Zend_Acl_Resource":1:{s:14:"\0*\0_resourceId";s:37:"administration::categorycourse::index";}s:6:"parent";N;s:8:"children";a:0:{}}s:35:"administration::categorycourse::add";a:3:{s:8:"instance";O:17:"Zend_Acl_Resource":1:{s:14:"\0*\0_resourceId";s:35:"administration::categorycourse::add";}s:6:"parent";N;s:8:"children";a:0:{}}s:38:"administration::categorycourse::delete";a:3:{s:8:"instance";O:17:"Zend_Acl_Resource":1:{s:14:"\0*\0_resourceId";s:38:"administration::categorycourse::delete";}s:6:"parent";N;s:8:"children";a:0:{}}s:36:"administration::categorycourse::edit";a:3:{s:8:"instance";O:17:"Zend_Acl_Resource":1:{s:14:"\0*\0_resourceId";s:36:"administration::categorycourse::edit";}s:6:"parent";N;s:8:"children";a:0:{}}s:36:"administration::categorycourse::list";a:3:{s:8:"instance";O:17:"Zend_Acl_Resource":1:{s:14:"\0*\0_resourceId";s:36:"administration::categorycourse::list";}s:6:"parent";N;s:8:"children";a:0:{}}s:41:"administration::admissioninterview::index";a:3:{s:8:"instance";O:17:"Zend_Acl_Resource":1:{s:14:"\0*\0_resourceId";s:41:"administration::admissioninterview::index";}s:6:"parent";N;s:8:"children";a:0:{}}s:41:"administration::admissioninterview::start";a:3:{s:8:"instance";O:17:"Zend_Acl_Resource":1:{s:14:"\0*\0_resourceId";s:41:"administration::admissioninterview::start";}s:6:"parent";N;s:8:"children";a:0:{}}s:43:"administration::admissioninterview::display";a:3:{s:8:"instance";O:17:"Zend_Acl_Resource":1:{s:14:"\0*\0_resourceId";s:43:"administration::admissioninterview::display";}s:6:"parent";N;s:8:"children";a:0:{}}s:40:"administration::admissioninterview::save";a:3:{s:8:"instance";O:17:"Zend_Acl_Resource":1:{s:14:"\0*\0_resourceId";s:40:"administration::admissioninterview::save";}s:6:"parent";N;s:8:"children";a:0:{}}s:39:"administration::admissioninterview::end";a:3:{s:8:"instance";O:17:"Zend_Acl_Resource":1:{s:14:"\0*\0_resourceId";s:39:"administration::admissioninterview::end";}s:6:"parent";N;s:8:"children";a:0:{}}s:42:"administration::admissioninterview::result";a:3:{s:8:"instance";O:17:"Zend_Acl_Resource":1:{s:14:"\0*\0_resourceId";s:42:"administration::admissioninterview::result";}s:6:"parent";N;s:8:"children";a:0:{}}s:27:"administration::page::index";a:3:{s:8:"instance";O:17:"Zend_Acl_Resource":1:{s:14:"\0*\0_resourceId";s:27:"administration::page::index";}s:6:"parent";N;s:8:"children";a:0:{}}s:26:"administration::page::list";a:3:{s:8:"instance";O:17:"Zend_Acl_Resource":1:{s:14:"\0*\0_resourceId";s:26:"administration::page::list";}s:6:"parent";N;s:8:"children";a:0:{}}s:25:"administration::page::add";a:3:{s:8:"instance";O:17:"Zend_Acl_Resource":1:{s:14:"\0*\0_resourceId";s:25:"administration::page::add";}s:6:"parent";N;s:8:"children";a:0:{}}s:26:"administration::page::edit";a:3:{s:8:"instance";O:17:"Zend_Acl_Resource":1:{s:14:"\0*\0_resourceId";s:26:"administration::page::edit";}s:6:"parent";N;s:8:"children";a:0:{}}s:28:"administration::page::delete";a:3:{s:8:"instance";O:17:"Zend_Acl_Resource":1:{s:14:"\0*\0_resourceId";s:28:"administration::page::delete";}s:6:"parent";N;s:8:"children";a:0:{}}s:27:"administration::poll::index";a:3:{s:8:"instance";O:17:"Zend_Acl_Resource":1:{s:14:"\0*\0_resourceId";s:27:"administration::poll::index";}s:6:"parent";N;s:8:"children";a:0:{}}s:26:"administration::poll::list";a:3:{s:8:"instance";O:17:"Zend_Acl_Resource":1:{s:14:"\0*\0_resourceId";s:26:"administration::poll::list";}s:6:"parent";N;s:8:"children";a:0:{}}s:25:"administration::poll::add";a:3:{s:8:"instance";O:17:"Zend_Acl_Resource":1:{s:14:"\0*\0_resourceId";s:25:"administration::poll::add";}s:6:"parent";N;s:8:"children";a:0:{}}s:26:"administration::poll::edit";a:3:{s:8:"instance";O:17:"Zend_Acl_Resource":1:{s:14:"\0*\0_resourceId";s:26:"administration::poll::edit";}s:6:"parent";N;s:8:"children";a:0:{}}s:28:"administration::poll::delete";a:3:{s:8:"instance";O:17:"Zend_Acl_Resource":1:{s:14:"\0*\0_resourceId";s:28:"administration::poll::delete";}s:6:"parent";N;s:8:"children";a:0:{}}s:29:"administration::course::index";a:3:{s:8:"instance";O:17:"Zend_Acl_Resource":1:{s:14:"\0*\0_resourceId";s:29:"administration::course::index";}s:6:"parent";N;s:8:"children";a:0:{}}s:30:"administration::course::delete";a:3:{s:8:"instance";O:17:"Zend_Acl_Resource":1:{s:14:"\0*\0_resourceId";s:30:"administration::course::delete";}s:6:"parent";N;s:8:"children";a:0:{}}s:28:"administration::course::edit";a:3:{s:8:"instance";O:17:"Zend_Acl_Resource":1:{s:14:"\0*\0_resourceId";s:28:"administration::course::edit";}s:6:"parent";N;s:8:"children";a:0:{}}s:28:"administration::course::list";a:3:{s:8:"instance";O:17:"Zend_Acl_Resource":1:{s:14:"\0*\0_resourceId";s:28:"administration::course::list";}s:6:"parent";N;s:8:"children";a:0:{}}s:27:"administration::course::add";a:3:{s:8:"instance";O:17:"Zend_Acl_Resource":1:{s:14:"\0*\0_resourceId";s:27:"administration::course::add";}s:6:"parent";N;s:8:"children";a:0:{}}s:34:"administration::competition::index";a:3:{s:8:"instance";O:17:"Zend_Acl_Resource":1:{s:14:"\0*\0_resourceId";s:34:"administration::competition::index";}s:6:"parent";N;s:8:"children";a:0:{}}s:32:"administration::competition::add";a:3:{s:8:"instance";O:17:"Zend_Acl_Resource":1:{s:14:"\0*\0_resourceId";s:32:"administration::competition::add";}s:6:"parent";N;s:8:"children";a:0:{}}s:31:"administration::resource::index";a:3:{s:8:"instance";O:17:"Zend_Acl_Resource":1:{s:14:"\0*\0_resourceId";s:31:"administration::resource::index";}s:6:"parent";N;s:8:"children";a:0:{}}s:31:"administration::resource::build";a:3:{s:8:"instance";O:17:"Zend_Acl_Resource":1:{s:14:"\0*\0_resourceId";s:31:"administration::resource::build";}s:6:"parent";N;s:8:"children";a:0:{}}s:35:"administration::forumsection::index";a:3:{s:8:"instance";O:17:"Zend_Acl_Resource":1:{s:14:"\0*\0_resourceId";s:35:"administration::forumsection::index";}s:6:"parent";N;s:8:"children";a:0:{}}s:36:"administration::forumsection::delete";a:3:{s:8:"instance";O:17:"Zend_Acl_Resource":1:{s:14:"\0*\0_resourceId";s:36:"administration::forumsection::delete";}s:6:"parent";N;s:8:"children";a:0:{}}s:33:"administration::forumsection::add";a:3:{s:8:"instance";O:17:"Zend_Acl_Resource":1:{s:14:"\0*\0_resourceId";s:33:"administration::forumsection::add";}s:6:"parent";N;s:8:"children";a:0:{}}s:34:"administration::forumsection::edit";a:3:{s:8:"instance";O:17:"Zend_Acl_Resource":1:{s:14:"\0*\0_resourceId";s:34:"administration::forumsection::edit";}s:6:"parent";N;s:8:"children";a:0:{}}}s:17:"\0*\0_isAllowedRole";r:6;s:21:"\0*\0_isAllowedResource";r:127;s:22:"\0*\0_isAllowedPrivilege";N;s:9:"\0*\0_rules";a:2:{s:12:"allResources";a:2:{s:8:"allRoles";a:2:{s:13:"allPrivileges";a:2:{s:4:"type";s:9:"TYPE_DENY";s:6:"assert";N;}s:13:"byPrivilegeId";a:0:{}}s:8:"byRoleId";a:0:{}}s:12:"byResourceId";a:187:{s:20:"default::user::index";a:1:{s:8:"byRoleId";a:3:{s:10:"superadmin";a:2:{s:13:"byPrivilegeId";a:0:{}s:13:"allPrivileges";a:2:{s:4:"type";s:10:"TYPE_ALLOW";s:6:"assert";N;}}s:5:"guest";a:2:{s:13:"byPrivilegeId";a:0:{}s:13:"allPrivileges";a:2:{s:4:"type";s:10:"TYPE_ALLOW";s:6:"assert";N;}}s:10:"registered";a:2:{s:13:"byPrivilegeId";a:0:{}s:13:"allPrivileges";a:2:{s:4:"type";s:10:"TYPE_ALLOW";s:6:"assert";N;}}}}s:20:"default::user::login";a:1:{s:8:"byRoleId";a:3:{s:10:"superadmin";a:2:{s:13:"byPrivilegeId";a:0:{}s:13:"allPrivileges";a:2:{s:4:"type";s:10:"TYPE_ALLOW";s:6:"assert";N;}}s:5:"guest";a:2:{s:13:"byPrivilegeId";a:0:{}s:13:"allPrivileges";a:2:{s:4:"type";s:10:"TYPE_ALLOW";s:6:"assert";N;}}s:10:"registered";a:2:{s:13:"byPrivilegeId";a:0:{}s:13:"allPrivileges";a:2:{s:4:"type";s:10:"TYPE_ALLOW";s:6:"assert";N;}}}}s:21:"default::user::logout";a:1:{s:8:"byRoleId";a:4:{s:10:"superadmin";a:2:{s:13:"byPrivilegeId";a:0:{}s:13:"allPrivileges";a:2:{s:4:"type";s:10:"TYPE_ALLOW";s:6:"assert";N;}}s:5:"admin";a:2:{s:13:"byPrivilegeId";a:0:{}s:13:"allPrivileges";a:2:{s:4:"type";s:10:"TYPE_ALLOW";s:6:"assert";N;}}s:5:"guest";a:2:{s:13:"byPrivilegeId";a:0:{}s:13:"allPrivileges";a:2:{s:4:"type";s:10:"TYPE_ALLOW";s:6:"assert";N;}}s:10:"registered";a:2:{s:13:"byPrivilegeId";a:0:{}s:13:"allPrivileges";a:2:{s:4:"type";s:10:"TYPE_ALLOW";s:6:"assert";N;}}}}s:22:"default::user::profile";a:1:{s:8:"byRoleId";a:3:{s:10:"superadmin";a:2:{s:13:"byPrivilegeId";a:0:{}s:13:"allPrivileges";a:2:{s:4:"type";s:10:"TYPE_ALLOW";s:6:"assert";N;}}s:5:"guest";a:2:{s:13:"byPrivilegeId";a:0:{}s:13:"allPrivileges";a:2:{s:4:"type";s:10:"TYPE_ALLOW";s:6:"assert";N;}}s:10:"registered";a:2:{s:13:"byPrivilegeId";a:0:{}s:13:"allPrivileges";a:2:{s:4:"type";s:10:"TYPE_ALLOW";s:6:"assert";N;}}}}s:23:"default::user::register";a:1:{s:8:"byRoleId";a:3:{s:10:"superadmin";a:2:{s:13:"byPrivilegeId";a:0:{}s:13:"allPrivileges";a:2:{s:4:"type";s:10:"TYPE_ALLOW";s:6:"assert";N;}}s:5:"guest";a:2:{s:13:"byPrivilegeId";a:0:{}s:13:"allPrivileges";a:2:{s:4:"type";s:10:"TYPE_ALLOW";s:6:"assert";N;}}s:10:"registered";a:2:{s:13:"byPrivilegeId";a:0:{}s:13:"allPrivileges";a:2:{s:4:"type";s:10:"TYPE_ALLOW";s:6:"assert";N;}}}}s:20:"default::news::index";a:1:{s:8:"byRoleId";a:3:{s:10:"superadmin";a:2:{s:13:"byPrivilegeId";a:0:{}s:13:"allPrivileges";a:2:{s:4:"type";s:10:"TYPE_ALLOW";s:6:"assert";N;}}s:5:"guest";a:2:{s:13:"byPrivilegeId";a:0:{}s:13:"allPrivileges";a:2:{s:4:"type";s:10:"TYPE_ALLOW";s:6:"assert";N;}}s:10:"registered";a:2:{s:13:"byPrivilegeId";a:0:{}s:13:"allPrivileges";a:2:{s:4:"type";s:10:"TYPE_ALLOW";s:6:"assert";N;}}}}s:19:"default::news::list";a:1:{s:8:"byRoleId";a:3:{s:10:"superadmin";a:2:{s:13:"byPrivilegeId";a:0:{}s:13:"allPrivileges";a:2:{s:4:"type";s:10:"TYPE_ALLOW";s:6:"assert";N;}}s:5:"guest";a:2:{s:13:"byPrivilegeId";a:0:{}s:13:"allPrivileges";a:2:{s:4:"type";s:10:"TYPE_ALLOW";s:6:"assert";N;}}s:10:"registered";a:2:{s:13:"byPrivilegeId";a:0:{}s:13:"allPrivileges";a:2:{s:4:"type";s:10:"TYPE_ALLOW";s:6:"assert";N;}}}}s:23:"default::news::category";a:1:{s:8:"byRoleId";a:3:{s:10:"superadmin";a:2:{s:13:"byPrivilegeId";a:0:{}s:13:"allPrivileges";a:2:{s:4:"type";s:10:"TYPE_ALLOW";s:6:"assert";N;}}s:5:"guest";a:2:{s:13:"byPrivilegeId";a:0:{}s:13:"allPrivileges";a:2:{s:4:"type";s:10:"TYPE_ALLOW";s:6:"assert";N;}}s:10:"registered";a:2:{s:13:"byPrivilegeId";a:0:{}s:13:"allPrivileges";a:2:{s:4:"type";s:10:"TYPE_ALLOW";s:6:"assert";N;}}}}s:19:"default::news::view";a:1:{s:8:"byRoleId";a:3:{s:10:"superadmin";a:2:{s:13:"byPrivilegeId";a:0:{}s:13:"allPrivileges";a:2:{s:4:"type";s:10:"TYPE_ALLOW";s:6:"assert";N;}}s:5:"guest";a:2:{s:13:"byPrivilegeId";a:0:{}s:13:"allPrivileges";a:2:{s:4:"type";s:10:"TYPE_ALLOW";s:6:"assert";N;}}s:10:"registered";a:2:{s:13:"byPrivilegeId";a:0:{}s:13:"allPrivileges";a:2:{s:4:"type";s:10:"TYPE_ALLOW";s:6:"assert";N;}}}}s:21:"default::album::index";a:1:{s:8:"byRoleId";a:3:{s:10:"superadmin";a:2:{s:13:"byPrivilegeId";a:0:{}s:13:"allPrivileges";a:2:{s:4:"type";s:10:"TYPE_ALLOW";s:6:"assert";N;}}s:5:"guest";a:2:{s:13:"byPrivilegeId";a:0:{}s:13:"allPrivileges";a:2:{s:4:"type";s:10:"TYPE_ALLOW";s:6:"assert";N;}}s:10:"registered";a:2:{s:13:"byPrivilegeId";a:0:{}s:13:"allPrivileges";a:2:{s:4:"type";s:10:"TYPE_ALLOW";s:6:"assert";N;}}}}s:20:"default::album::list";a:1:{s:8:"byRoleId";a:3:{s:10:"superadmin";a:2:{s:13:"byPrivilegeId";a:0:{}s:13:"allPrivileges";a:2:{s:4:"type";s:10:"TYPE_ALLOW";s:6:"assert";N;}}s:5:"guest";a:2:{s:13:"byPrivilegeId";a:0:{}s:13:"allPrivileges";a:2:{s:4:"type";s:10:"TYPE_ALLOW";s:6:"assert";N;}}s:10:"registered";a:2:{s:13:"byPrivilegeId";a:0:{}s:13:"allPrivileges";a:2:{s:4:"type";s:10:"TYPE_ALLOW";s:6:"assert";N;}}}}s:20:"default::album::view";a:1:{s:8:"byRoleId";a:3:{s:10:"superadmin";a:2:{s:13:"byPrivilegeId";a:0:{}s:13:"allPrivileges";a:2:{s:4:"type";s:10:"TYPE_ALLOW";s:6:"assert";N;}}s:5:"guest";a:2:{s:13:"byPrivilegeId";a:0:{}s:13:"allPrivileges";a:2:{s:4:"type";s:10:"TYPE_ALLOW";s:6:"assert";N;}}s:10:"registered";a:2:{s:13:"byPrivilegeId";a:0:{}s:13:"allPrivileges";a:2:{s:4:"type";s:10:"TYPE_ALLOW";s:6:"assert";N;}}}}s:21:"default::index::index";a:1:{s:8:"byRoleId";a:3:{s:10:"superadmin";a:2:{s:13:"byPrivilegeId";a:0:{}s:13:"allPrivileges";a:2:{s:4:"type";s:10:"TYPE_ALLOW";s:6:"assert";N;}}s:5:"guest";a:2:{s:13:"byPrivilegeId";a:0:{}s:13:"allPrivileges";a:2:{s:4:"type";s:10:"TYPE_ALLOW";s:6:"assert";N;}}s:10:"registered";a:2:{s:13:"byPrivilegeId";a:0:{}s:13:"allPrivileges";a:2:{s:4:"type";s:10:"TYPE_ALLOW";s:6:"assert";N;}}}}s:21:"default::forum::index";a:1:{s:8:"byRoleId";a:3:{s:10:"superadmin";a:2:{s:13:"byPrivilegeId";a:0:{}s:13:"allPrivileges";a:2:{s:4:"type";s:10:"TYPE_ALLOW";s:6:"assert";N;}}s:5:"guest";a:2:{s:13:"byPrivilegeId";a:0:{}s:13:"allPrivileges";a:2:{s:4:"type";s:10:"TYPE_ALLOW";s:6:"assert";N;}}s:10:"registered";a:2:{s:13:"byPrivilegeId";a:0:{}s:13:"allPrivileges";a:2:{s:4:"type";s:10:"TYPE_ALLOW";s:6:"assert";N;}}}}s:23:"default::forum::section";a:1:{s:8:"byRoleId";a:3:{s:10:"superadmin";a:2:{s:13:"byPrivilegeId";a:0:{}s:13:"allPrivileges";a:2:{s:4:"type";s:10:"TYPE_ALLOW";s:6:"assert";N;}}s:5:"guest";a:2:{s:13:"byPrivilegeId";a:0:{}s:13:"allPrivileges";a:2:{s:4:"type";s:10:"TYPE_ALLOW";s:6:"assert";N;}}s:10:"registered";a:2:{s:13:"byPrivilegeId";a:0:{}s:13:"allPrivileges";a:2:{s:4:"type";s:10:"TYPE_ALLOW";s:6:"assert";N;}}}}s:21:"default::forum::topic";a:1:{s:8:"byRoleId";a:3:{s:10:"superadmin";a:2:{s:13:"byPrivilegeId";a:0:{}s:13:"allPrivileges";a:2:{s:4:"type";s:10:"TYPE_ALLOW";s:6:"assert";N;}}s:5:"guest";a:2:{s:13:"byPrivilegeId";a:0:{}s:13:"allPrivileges";a:2:{s:4:"type";s:10:"TYPE_ALLOW";s:6:"assert";N;}}s:10:"registered";a:2:{s:13:"byPrivilegeId";a:0:{}s:13:"allPrivileges";a:2:{s:4:"type";s:10:"TYPE_ALLOW";s:6:"assert";N;}}}}s:24:"default::forum::addtopic";a:1:{s:8:"byRoleId";a:3:{s:10:"superadmin";a:2:{s:13:"byPrivilegeId";a:0:{}s:13:"allPrivileges";a:2:{s:4:"type";s:10:"TYPE_ALLOW";s:6:"assert";N;}}s:5:"guest";a:2:{s:13:"byPrivilegeId";a:0:{}s:13:"allPrivileges";a:2:{s:4:"type";s:10:"TYPE_ALLOW";s:6:"assert";N;}}s:10:"registered";a:2:{s:13:"byPrivilegeId";a:0:{}s:13:"allPrivileges";a:2:{s:4:"type";s:10:"TYPE_ALLOW";s:6:"assert";N;}}}}s:21:"default::event::index";a:1:{s:8:"byRoleId";a:3:{s:10:"superadmin";a:2:{s:13:"byPrivilegeId";a:0:{}s:13:"allPrivileges";a:2:{s:4:"type";s:10:"TYPE_ALLOW";s:6:"assert";N;}}s:5:"guest";a:2:{s:13:"byPrivilegeId";a:0:{}s:13:"allPrivileges";a:2:{s:4:"type";s:10:"TYPE_ALLOW";s:6:"assert";N;}}s:10:"registered";a:2:{s:13:"byPrivilegeId";a:0:{}s:13:"allPrivileges";a:2:{s:4:"type";s:10:"TYPE_ALLOW";s:6:"assert";N;}}}}s:20:"default::event::list";a:1:{s:8:"byRoleId";a:3:{s:10:"superadmin";a:2:{s:13:"byPrivilegeId";a:0:{}s:13:"allPrivileges";a:2:{s:4:"type";s:10:"TYPE_ALLOW";s:6:"assert";N;}}s:5:"guest";a:2:{s:13:"byPrivilegeId";a:0:{}s:13:"allPrivileges";a:2:{s:4:"type";s:10:"TYPE_ALLOW";s:6:"assert";N;}}s:10:"registered";a:2:{s:13:"byPrivilegeId";a:0:{}s:13:"allPrivileges";a:2:{s:4:"type";s:10:"TYPE_ALLOW";s:6:"assert";N;}}}}s:28:"default::event::month-events";a:1:{s:8:"byRoleId";a:3:{s:10:"superadmin";a:2:{s:13:"byPrivilegeId";a:0:{}s:13:"allPrivileges";a:2:{s:4:"type";s:10:"TYPE_ALLOW";s:6:"assert";N;}}s:5:"guest";a:2:{s:13:"byPrivilegeId";a:0:{}s:13:"allPrivileges";a:2:{s:4:"type";s:10:"TYPE_ALLOW";s:6:"assert";N;}}s:10:"registered";a:2:{s:13:"byPrivilegeId";a:0:{}s:13:"allPrivileges";a:2:{s:4:"type";s:10:"TYPE_ALLOW";s:6:"assert";N;}}}}s:21:"default::video::index";a:1:{s:8:"byRoleId";a:3:{s:10:"superadmin";a:2:{s:13:"byPrivilegeId";a:0:{}s:13:"allPrivileges";a:2:{s:4:"type";s:10:"TYPE_ALLOW";s:6:"assert";N;}}s:5:"guest";a:2:{s:13:"byPrivilegeId";a:0:{}s:13:"allPrivileges";a:2:{s:4:"type";s:10:"TYPE_ALLOW";s:6:"assert";N;}}s:10:"registered";a:2:{s:13:"byPrivilegeId";a:0:{}s:13:"allPrivileges";a:2:{s:4:"type";s:10:"TYPE_ALLOW";s:6:"assert";N;}}}}s:20:"default::video::list";a:1:{s:8:"byRoleId";a:3:{s:10:"superadmin";a:2:{s:13:"byPrivilegeId";a:0:{}s:13:"allPrivileges";a:2:{s:4:"type";s:10:"TYPE_ALLOW";s:6:"assert";N;}}s:5:"guest";a:2:{s:13:"byPrivilegeId";a:0:{}s:13:"allPrivileges";a:2:{s:4:"type";s:10:"TYPE_ALLOW";s:6:"assert";N;}}s:10:"registered";a:2:{s:13:"byPrivilegeId";a:0:{}s:13:"allPrivileges";a:2:{s:4:"type";s:10:"TYPE_ALLOW";s:6:"assert";N;}}}}s:23:"default::careeer::index";a:1:{s:8:"byRoleId";a:3:{s:10:"superadmin";a:2:{s:13:"byPrivilegeId";a:0:{}s:13:"allPrivileges";a:2:{s:4:"type";s:10:"TYPE_ALLOW";s:6:"assert";N;}}s:5:"guest";a:2:{s:13:"byPrivilegeId";a:0:{}s:13:"allPrivileges";a:2:{s:4:"type";s:10:"TYPE_ALLOW";s:6:"assert";N;}}s:10:"registered";a:2:{s:13:"byPrivilegeId";a:0:{}s:13:"allPrivileges";a:2:{s:4:"type";s:10:"TYPE_ALLOW";s:6:"assert";N;}}}}s:20:"default::page::index";a:1:{s:8:"byRoleId";a:3:{s:10:"superadmin";a:2:{s:13:"byPrivilegeId";a:0:{}s:13:"allPrivileges";a:2:{s:4:"type";s:10:"TYPE_ALLOW";s:6:"assert";N;}}s:5:"guest";a:2:{s:13:"byPrivilegeId";a:0:{}s:13:"allPrivileges";a:2:{s:4:"type";s:10:"TYPE_ALLOW";s:6:"assert";N;}}s:10:"registered";a:2:{s:13:"byPrivilegeId";a:0:{}s:13:"allPrivileges";a:2:{s:4:"type";s:10:"TYPE_ALLOW";s:6:"assert";N;}}}}s:19:"default::page::view";a:1:{s:8:"byRoleId";a:3:{s:10:"superadmin";a:2:{s:13:"byPrivilegeId";a:0:{}s:13:"allPrivileges";a:2:{s:4:"type";s:10:"TYPE_ALLOW";s:6:"assert";N;}}s:5:"guest";a:2:{s:13:"byPrivilegeId";a:0:{}s:13:"allPrivileges";a:2:{s:4:"type";s:10:"TYPE_ALLOW";s:6:"assert";N;}}s:10:"registered";a:2:{s:13:"byPrivilegeId";a:0:{}s:13:"allPrivileges";a:2:{s:4:"type";s:10:"TYPE_ALLOW";s:6:"assert";N;}}}}s:20:"default::poll::index";a:1:{s:8:"byRoleId";a:3:{s:10:"superadmin";a:2:{s:13:"byPrivilegeId";a:0:{}s:13:"allPrivileges";a:2:{s:4:"type";s:10:"TYPE_ALLOW";s:6:"assert";N;}}s:5:"guest";a:2:{s:13:"byPrivilegeId";a:0:{}s:13:"allPrivileges";a:2:{s:4:"type";s:10:"TYPE_ALLOW";s:6:"assert";N;}}s:10:"registered";a:2:{s:13:"byPrivilegeId";a:0:{}s:13:"allPrivileges";a:2:{s:4:"type";s:10:"TYPE_ALLOW";s:6:"assert";N;}}}}s:21:"default::poll::result";a:1:{s:8:"byRoleId";a:3:{s:10:"superadmin";a:2:{s:13:"byPrivilegeId";a:0:{}s:13:"allPrivileges";a:2:{s:4:"type";s:10:"TYPE_ALLOW";s:6:"assert";N;}}s:5:"guest";a:2:{s:13:"byPrivilegeId";a:0:{}s:13:"allPrivileges";a:2:{s:4:"type";s:10:"TYPE_ALLOW";s:6:"assert";N;}}s:10:"registered";a:2:{s:13:"byPrivilegeId";a:0:{}s:13:"allPrivileges";a:2:{s:4:"type";s:10:"TYPE_ALLOW";s:6:"assert";N;}}}}s:23:"default::project::index";a:1:{s:8:"byRoleId";a:3:{s:10:"superadmin";a:2:{s:13:"byPrivilegeId";a:0:{}s:13:"allPrivileges";a:2:{s:4:"type";s:10:"TYPE_ALLOW";s:6:"assert";N;}}s:5:"guest";a:2:{s:13:"byPrivilegeId";a:0:{}s:13:"allPrivileges";a:2:{s:4:"type";s:10:"TYPE_ALLOW";s:6:"assert";N;}}s:10:"registered";a:2:{s:13:"byPrivilegeId";a:0:{}s:13:"allPrivileges";a:2:{s:4:"type";s:10:"TYPE_ALLOW";s:6:"assert";N;}}}}s:29:"default::project::viewproject";a:1:{s:8:"byRoleId";a:3:{s:10:"superadmin";a:2:{s:13:"byPrivilegeId";a:0:{}s:13:"allPrivileges";a:2:{s:4:"type";s:10:"TYPE_ALLOW";s:6:"assert";N;}}s:5:"guest";a:2:{s:13:"byPrivilegeId";a:0:{}s:13:"allPrivileges";a:2:{s:4:"type";s:10:"TYPE_ALLOW";s:6:"assert";N;}}s:10:"registered";a:2:{s:13:"byPrivilegeId";a:0:{}s:13:"allPrivileges";a:2:{s:4:"type";s:10:"TYPE_ALLOW";s:6:"assert";N;}}}}s:22:"default::project::view";a:1:{s:8:"byRoleId";a:3:{s:10:"superadmin";a:2:{s:13:"byPrivilegeId";a:0:{}s:13:"allPrivileges";a:2:{s:4:"type";s:10:"TYPE_ALLOW";s:6:"assert";N;}}s:5:"guest";a:2:{s:13:"byPrivilegeId";a:0:{}s:13:"allPrivileges";a:2:{s:4:"type";s:10:"TYPE_ALLOW";s:6:"assert";N;}}s:10:"registered";a:2:{s:13:"byPrivilegeId";a:0:{}s:13:"allPrivileges";a:2:{s:4:"type";s:10:"TYPE_ALLOW";s:6:"assert";N;}}}}s:29:"default::project::listproject";a:1:{s:8:"byRoleId";a:3:{s:10:"superadmin";a:2:{s:13:"byPrivilegeId";a:0:{}s:13:"allPrivileges";a:2:{s:4:"type";s:10:"TYPE_ALLOW";s:6:"assert";N;}}s:5:"guest";a:2:{s:13:"byPrivilegeId";a:0:{}s:13:"allPrivileges";a:2:{s:4:"type";s:10:"TYPE_ALLOW";s:6:"assert";N;}}s:10:"registered";a:2:{s:13:"byPrivilegeId";a:0:{}s:13:"allPrivileges";a:2:{s:4:"type";s:10:"TYPE_ALLOW";s:6:"assert";N;}}}}s:21:"default::error::error";a:1:{s:8:"byRoleId";a:3:{s:10:"superadmin";a:2:{s:13:"byPrivilegeId";a:0:{}s:13:"allPrivileges";a:2:{s:4:"type";s:10:"TYPE_ALLOW";s:6:"assert";N;}}s:5:"guest";a:2:{s:13:"byPrivilegeId";a:0:{}s:13:"allPrivileges";a:2:{s:4:"type";s:10:"TYPE_ALLOW";s:6:"assert";N;}}s:10:"registered";a:2:{s:13:"byPrivilegeId";a:0:{}s:13:"allPrivileges";a:2:{s:4:"type";s:10:"TYPE_ALLOW";s:6:"assert";N;}}}}s:22:"default::course::index";a:1:{s:8:"byRoleId";a:3:{s:10:"superadmin";a:2:{s:13:"byPrivilegeId";a:0:{}s:13:"allPrivileges";a:2:{s:4:"type";s:10:"TYPE_ALLOW";s:6:"assert";N;}}s:5:"guest";a:2:{s:13:"byPrivilegeId";a:0:{}s:13:"allPrivileges";a:2:{s:4:"type";s:10:"TYPE_ALLOW";s:6:"assert";N;}}s:10:"registered";a:2:{s:13:"byPrivilegeId";a:0:{}s:13:"allPrivileges";a:2:{s:4:"type";s:10:"TYPE_ALLOW";s:6:"assert";N;}}}}s:27:"default::course::getcourses";a:1:{s:8:"byRoleId";a:3:{s:10:"superadmin";a:2:{s:13:"byPrivilegeId";a:0:{}s:13:"allPrivileges";a:2:{s:4:"type";s:10:"TYPE_ALLOW";s:6:"assert";N;}}s:5:"guest";a:2:{s:13:"byPrivilegeId";a:0:{}s:13:"allPrivileges";a:2:{s:4:"type";s:10:"TYPE_ALLOW";s:6:"assert";N;}}s:10:"registered";a:2:{s:13:"byPrivilegeId";a:0:{}s:13:"allPrivileges";a:2:{s:4:"type";s:10:"TYPE_ALLOW";s:6:"assert";N;}}}}s:35:"default::course::getcourse-category";a:1:{s:8:"byRoleId";a:3:{s:10:"superadmin";a:2:{s:13:"byPrivilegeId";a:0:{}s:13:"allPrivileges";a:2:{s:4:"type";s:10:"TYPE_ALLOW";s:6:"assert";N;}}s:5:"guest";a:2:{s:13:"byPrivilegeId";a:0:{}s:13:"allPrivileges";a:2:{s:4:"type";s:10:"TYPE_ALLOW";s:6:"assert";N;}}s:10:"registered";a:2:{s:13:"byPrivilegeId";a:0:{}s:13:"allPrivileges";a:2:{s:4:"type";s:10:"TYPE_ALLOW";s:6:"assert";N;}}}}s:30:"default::course::getcitiesajax";a:1:{s:8:"byRoleId";a:3:{s:10:"superadmin";a:2:{s:13:"byPrivilegeId";a:0:{}s:13:"allPrivileges";a:2:{s:4:"type";s:10:"TYPE_ALLOW";s:6:"assert";N;}}s:5:"guest";a:2:{s:13:"byPrivilegeId";a:0:{}s:13:"allPrivileges";a:2:{s:4:"type";s:10:"TYPE_ALLOW";s:6:"assert";N;}}s:10:"registered";a:2:{s:13:"byPrivilegeId";a:0:{}s:13:"allPrivileges";a:2:{s:4:"type";s:10:"TYPE_ALLOW";s:6:"assert";N;}}}}s:27:"default::competition::index";a:1:{s:8:"byRoleId";a:3:{s:10:"superadmin";a:2:{s:13:"byPrivilegeId";a:0:{}s:13:"allPrivileges";a:2:{s:4:"type";s:10:"TYPE_ALLOW";s:6:"assert";N;}}s:5:"guest";a:2:{s:13:"byPrivilegeId";a:0:{}s:13:"allPrivileges";a:2:{s:4:"type";s:10:"TYPE_ALLOW";s:6:"assert";N;}}s:10:"registered";a:2:{s:13:"byPrivilegeId";a:0:{}s:13:"allPrivileges";a:2:{s:4:"type";s:10:"TYPE_ALLOW";s:6:"assert";N;}}}}s:25:"default::competition::add";a:1:{s:8:"byRoleId";a:3:{s:10:"superadmin";a:2:{s:13:"byPrivilegeId";a:0:{}s:13:"allPrivileges";a:2:{s:4:"type";s:10:"TYPE_ALLOW";s:6:"assert";N;}}s:5:"guest";a:2:{s:13:"byPrivilegeId";a:0:{}s:13:"allPrivileges";a:2:{s:4:"type";s:10:"TYPE_ALLOW";s:6:"assert";N;}}s:10:"registered";a:2:{s:13:"byPrivilegeId";a:0:{}s:13:"allPrivileges";a:2:{s:4:"type";s:10:"TYPE_ALLOW";s:6:"assert";N;}}}}s:19:"default::job::index";a:1:{s:8:"byRoleId";a:2:{s:10:"superadmin";a:2:{s:13:"byPrivilegeId";a:0:{}s:13:"allPrivileges";a:2:{s:4:"type";s:10:"TYPE_ALLOW";s:6:"assert";N;}}s:5:"guest";a:2:{s:13:"byPrivilegeId";a:0:{}s:13:"allPrivileges";a:2:{s:4:"type";s:10:"TYPE_ALLOW";s:6:"assert";N;}}}}s:18:"default::job::list";a:1:{s:8:"byRoleId";a:2:{s:10:"superadmin";a:2:{s:13:"byPrivilegeId";a:0:{}s:13:"allPrivileges";a:2:{s:4:"type";s:10:"TYPE_ALLOW";s:6:"assert";N;}}s:5:"guest";a:2:{s:13:"byPrivilegeId";a:0:{}s:13:"allPrivileges";a:2:{s:4:"type";s:10:"TYPE_ALLOW";s:6:"assert";N;}}}}s:17:"default::job::add";a:1:{s:8:"byRoleId";a:2:{s:10:"superadmin";a:2:{s:13:"byPrivilegeId";a:0:{}s:13:"allPrivileges";a:2:{s:4:"type";s:10:"TYPE_ALLOW";s:6:"assert";N;}}s:5:"guest";a:2:{s:13:"byPrivilegeId";a:0:{}s:13:"allPrivileges";a:2:{s:4:"type";s:10:"TYPE_ALLOW";s:6:"assert";N;}}}}s:24:"default::graduate::index";a:1:{s:8:"byRoleId";a:2:{s:10:"superadmin";a:2:{s:13:"byPrivilegeId";a:0:{}s:13:"allPrivileges";a:2:{s:4:"type";s:10:"TYPE_ALLOW";s:6:"assert";N;}}s:5:"guest";a:2:{s:13:"byPrivilegeId";a:0:{}s:13:"allPrivileges";a:2:{s:4:"type";s:10:"TYPE_ALLOW";s:6:"assert";N;}}}}s:23:"default::graduate::list";a:1:{s:8:"byRoleId";a:2:{s:10:"superadmin";a:2:{s:13:"byPrivilegeId";a:0:{}s:13:"allPrivileges";a:2:{s:4:"type";s:10:"TYPE_ALLOW";s:6:"assert";N;}}s:5:"guest";a:2:{s:13:"byPrivilegeId";a:0:{}s:13:"allPrivileges";a:2:{s:4:"type";s:10:"TYPE_ALLOW";s:6:"assert";N;}}}}s:23:"default::contact::index";a:1:{s:8:"byRoleId";a:2:{s:10:"superadmin";a:2:{s:13:"byPrivilegeId";a:0:{}s:13:"allPrivileges";a:2:{s:4:"type";s:10:"TYPE_ALLOW";s:6:"assert";N;}}s:5:"guest";a:2:{s:13:"byPrivilegeId";a:0:{}s:13:"allPrivileges";a:2:{s:4:"type";s:10:"TYPE_ALLOW";s:6:"assert";N;}}}}s:27:"administration::user::index";a:1:{s:8:"byRoleId";a:2:{s:10:"superadmin";a:2:{s:13:"byPrivilegeId";a:0:{}s:13:"allPrivileges";a:2:{s:4:"type";s:10:"TYPE_ALLOW";s:6:"assert";N;}}s:5:"guest";a:2:{s:13:"byPrivilegeId";a:0:{}s:13:"allPrivileges";a:2:{s:4:"type";s:10:"TYPE_ALLOW";s:6:"assert";N;}}}}s:26:"administration::user::list";a:1:{s:8:"byRoleId";a:1:{s:10:"superadmin";a:2:{s:13:"byPrivilegeId";a:0:{}s:13:"allPrivileges";a:2:{s:4:"type";s:10:"TYPE_ALLOW";s:6:"assert";N;}}}}s:25:"administration::user::add";a:1:{s:8:"byRoleId";a:1:{s:10:"superadmin";a:2:{s:13:"byPrivilegeId";a:0:{}s:13:"allPrivileges";a:2:{s:4:"type";s:10:"TYPE_ALLOW";s:6:"assert";N;}}}}s:26:"administration::user::edit";a:1:{s:8:"byRoleId";a:1:{s:10:"superadmin";a:2:{s:13:"byPrivilegeId";a:0:{}s:13:"allPrivileges";a:2:{s:4:"type";s:10:"TYPE_ALLOW";s:6:"assert";N;}}}}s:28:"administration::user::delete";a:1:{s:8:"byRoleId";a:1:{s:10:"superadmin";a:2:{s:13:"byPrivilegeId";a:0:{}s:13:"allPrivileges";a:2:{s:4:"type";s:10:"TYPE_ALLOW";s:6:"assert";N;}}}}s:29:"administration::user::profile";a:1:{s:8:"byRoleId";a:2:{s:10:"superadmin";a:2:{s:13:"byPrivilegeId";a:0:{}s:13:"allPrivileges";a:2:{s:4:"type";s:10:"TYPE_ALLOW";s:6:"assert";N;}}s:5:"admin";a:2:{s:13:"byPrivilegeId";a:0:{}s:13:"allPrivileges";a:2:{s:4:"type";s:10:"TYPE_ALLOW";s:6:"assert";N;}}}}s:33:"administration::user::editprofile";a:1:{s:8:"byRoleId";a:2:{s:10:"superadmin";a:2:{s:13:"byPrivilegeId";a:0:{}s:13:"allPrivileges";a:2:{s:4:"type";s:10:"TYPE_ALLOW";s:6:"assert";N;}}s:5:"admin";a:2:{s:13:"byPrivilegeId";a:0:{}s:13:"allPrivileges";a:2:{s:4:"type";s:10:"TYPE_ALLOW";s:6:"assert";N;}}}}s:28:"administration::image::index";a:1:{s:8:"byRoleId";a:2:{s:10:"superadmin";a:2:{s:13:"byPrivilegeId";a:0:{}s:13:"allPrivileges";a:2:{s:4:"type";s:10:"TYPE_ALLOW";s:6:"assert";N;}}s:5:"admin";a:2:{s:13:"byPrivilegeId";a:0:{}s:13:"allPrivileges";a:2:{s:4:"type";s:10:"TYPE_ALLOW";s:6:"assert";N;}}}}s:27:"administration::image::list";a:1:{s:8:"byRoleId";a:1:{s:10:"superadmin";a:2:{s:13:"byPrivilegeId";a:0:{}s:13:"allPrivileges";a:2:{s:4:"type";s:10:"TYPE_ALLOW";s:6:"assert";N;}}}}s:26:"administration::image::add";a:1:{s:8:"byRoleId";a:1:{s:10:"superadmin";a:2:{s:13:"byPrivilegeId";a:0:{}s:13:"allPrivileges";a:2:{s:4:"type";s:10:"TYPE_ALLOW";s:6:"assert";N;}}}}s:27:"administration::image::edit";a:1:{s:8:"byRoleId";a:1:{s:10:"superadmin";a:2:{s:13:"byPrivilegeId";a:0:{}s:13:"allPrivileges";a:2:{s:4:"type";s:10:"TYPE_ALLOW";s:6:"assert";N;}}}}s:28:"administration::image::cover";a:1:{s:8:"byRoleId";a:1:{s:10:"superadmin";a:2:{s:13:"byPrivilegeId";a:0:{}s:13:"allPrivileges";a:2:{s:4:"type";s:10:"TYPE_ALLOW";s:6:"assert";N;}}}}s:29:"administration::image::delete";a:1:{s:8:"byRoleId";a:1:{s:10:"superadmin";a:2:{s:13:"byPrivilegeId";a:0:{}s:13:"allPrivileges";a:2:{s:4:"type";s:10:"TYPE_ALLOW";s:6:"assert";N;}}}}s:27:"administration::news::index";a:1:{s:8:"byRoleId";a:1:{s:10:"superadmin";a:2:{s:13:"byPrivilegeId";a:0:{}s:13:"allPrivileges";a:2:{s:4:"type";s:10:"TYPE_ALLOW";s:6:"assert";N;}}}}s:26:"administration::news::list";a:1:{s:8:"byRoleId";a:2:{s:10:"superadmin";a:2:{s:13:"byPrivilegeId";a:0:{}s:13:"allPrivileges";a:2:{s:4:"type";s:10:"TYPE_ALLOW";s:6:"assert";N;}}s:5:"admin";a:2:{s:13:"byPrivilegeId";a:0:{}s:13:"allPrivileges";a:2:{s:4:"type";s:10:"TYPE_ALLOW";s:6:"assert";N;}}}}s:25:"administration::news::add";a:1:{s:8:"byRoleId";a:1:{s:10:"superadmin";a:2:{s:13:"byPrivilegeId";a:0:{}s:13:"allPrivileges";a:2:{s:4:"type";s:10:"TYPE_ALLOW";s:6:"assert";N;}}}}s:26:"administration::news::edit";a:1:{s:8:"byRoleId";a:1:{s:10:"superadmin";a:2:{s:13:"byPrivilegeId";a:0:{}s:13:"allPrivileges";a:2:{s:4:"type";s:10:"TYPE_ALLOW";s:6:"assert";N;}}}}s:28:"administration::news::delete";a:1:{s:8:"byRoleId";a:2:{s:10:"superadmin";a:2:{s:13:"byPrivilegeId";a:0:{}s:13:"allPrivileges";a:2:{s:4:"type";s:10:"TYPE_ALLOW";s:6:"assert";N;}}s:10:"registered";a:2:{s:13:"byPrivilegeId";a:0:{}s:13:"allPrivileges";a:2:{s:4:"type";s:10:"TYPE_ALLOW";s:6:"assert";N;}}}}s:40:"administration::admissioncategory::index";a:1:{s:8:"byRoleId";a:2:{s:10:"superadmin";a:2:{s:13:"byPrivilegeId";a:0:{}s:13:"allPrivileges";a:2:{s:4:"type";s:10:"TYPE_ALLOW";s:6:"assert";N;}}s:10:"registered";a:2:{s:13:"byPrivilegeId";a:0:{}s:13:"allPrivileges";a:2:{s:4:"type";s:10:"TYPE_ALLOW";s:6:"assert";N;}}}}s:39:"administration::admissioncategory::list";a:1:{s:8:"byRoleId";a:1:{s:10:"superadmin";a:2:{s:13:"byPrivilegeId";a:0:{}s:13:"allPrivileges";a:2:{s:4:"type";s:10:"TYPE_ALLOW";s:6:"assert";N;}}}}s:38:"administration::admissioncategory::add";a:1:{s:8:"byRoleId";a:1:{s:10:"superadmin";a:2:{s:13:"byPrivilegeId";a:0:{}s:13:"allPrivileges";a:2:{s:4:"type";s:10:"TYPE_ALLOW";s:6:"assert";N;}}}}s:39:"administration::admissioncategory::edit";a:1:{s:8:"byRoleId";a:1:{s:10:"superadmin";a:2:{s:13:"byPrivilegeId";a:0:{}s:13:"allPrivileges";a:2:{s:4:"type";s:10:"TYPE_ALLOW";s:6:"assert";N;}}}}s:41:"administration::admissioncategory::delete";a:1:{s:8:"byRoleId";a:1:{s:10:"superadmin";a:2:{s:13:"byPrivilegeId";a:0:{}s:13:"allPrivileges";a:2:{s:4:"type";s:10:"TYPE_ALLOW";s:6:"assert";N;}}}}s:31:"administration::question::index";a:1:{s:8:"byRoleId";a:1:{s:10:"superadmin";a:2:{s:13:"byPrivilegeId";a:0:{}s:13:"allPrivileges";a:2:{s:4:"type";s:10:"TYPE_ALLOW";s:6:"assert";N;}}}}s:29:"administration::question::add";a:1:{s:8:"byRoleId";a:1:{s:10:"superadmin";a:2:{s:13:"byPrivilegeId";a:0:{}s:13:"allPrivileges";a:2:{s:4:"type";s:10:"TYPE_ALLOW";s:6:"assert";N;}}}}s:32:"administration::applicant::index";a:1:{s:8:"byRoleId";a:1:{s:10:"superadmin";a:2:{s:13:"byPrivilegeId";a:0:{}s:13:"allPrivileges";a:2:{s:4:"type";s:10:"TYPE_ALLOW";s:6:"assert";N;}}}}s:31:"administration::applicant::list";a:1:{s:8:"byRoleId";a:1:{s:10:"superadmin";a:2:{s:13:"byPrivilegeId";a:0:{}s:13:"allPrivileges";a:2:{s:4:"type";s:10:"TYPE_ALLOW";s:6:"assert";N;}}}}s:30:"administration::applicant::add";a:1:{s:8:"byRoleId";a:1:{s:10:"superadmin";a:2:{s:13:"byPrivilegeId";a:0:{}s:13:"allPrivileges";a:2:{s:4:"type";s:10:"TYPE_ALLOW";s:6:"assert";N;}}}}s:31:"administration::applicant::edit";a:1:{s:8:"byRoleId";a:1:{s:10:"superadmin";a:2:{s:13:"byPrivilegeId";a:0:{}s:13:"allPrivileges";a:2:{s:4:"type";s:10:"TYPE_ALLOW";s:6:"assert";N;}}}}s:33:"administration::applicant::delete";a:1:{s:8:"byRoleId";a:1:{s:10:"superadmin";a:2:{s:13:"byPrivilegeId";a:0:{}s:13:"allPrivileges";a:2:{s:4:"type";s:10:"TYPE_ALLOW";s:6:"assert";N;}}}}s:28:"administration::topic::index";a:1:{s:8:"byRoleId";a:1:{s:10:"superadmin";a:2:{s:13:"byPrivilegeId";a:0:{}s:13:"allPrivileges";a:2:{s:4:"type";s:10:"TYPE_ALLOW";s:6:"assert";N;}}}}s:26:"administration::topic::add";a:1:{s:8:"byRoleId";a:1:{s:10:"superadmin";a:2:{s:13:"byPrivilegeId";a:0:{}s:13:"allPrivileges";a:2:{s:4:"type";s:10:"TYPE_ALLOW";s:6:"assert";N;}}}}s:27:"administration::topic::edit";a:1:{s:8:"byRoleId";a:1:{s:10:"superadmin";a:2:{s:13:"byPrivilegeId";a:0:{}s:13:"allPrivileges";a:2:{s:4:"type";s:10:"TYPE_ALLOW";s:6:"assert";N;}}}}s:29:"administration::topic::delete";a:1:{s:8:"byRoleId";a:1:{s:10:"superadmin";a:2:{s:13:"byPrivilegeId";a:0:{}s:13:"allPrivileges";a:2:{s:4:"type";s:10:"TYPE_ALLOW";s:6:"assert";N;}}}}s:36:"administration::projectportal::index";a:1:{s:8:"byRoleId";a:1:{s:10:"superadmin";a:2:{s:13:"byPrivilegeId";a:0:{}s:13:"allPrivileges";a:2:{s:4:"type";s:10:"TYPE_ALLOW";s:6:"assert";N;}}}}s:35:"administration::projectportal::list";a:1:{s:8:"byRoleId";a:2:{s:10:"superadmin";a:2:{s:13:"byPrivilegeId";a:0:{}s:13:"allPrivileges";a:2:{s:4:"type";s:10:"TYPE_ALLOW";s:6:"assert";N;}}s:5:"admin";a:2:{s:13:"byPrivilegeId";a:0:{}s:13:"allPrivileges";a:2:{s:4:"type";s:10:"TYPE_ALLOW";s:6:"assert";N;}}}}s:34:"administration::projectportal::add";a:1:{s:8:"byRoleId";a:2:{s:10:"superadmin";a:2:{s:13:"byPrivilegeId";a:0:{}s:13:"allPrivileges";a:2:{s:4:"type";s:10:"TYPE_ALLOW";s:6:"assert";N;}}s:5:"admin";a:2:{s:13:"byPrivilegeId";a:0:{}s:13:"allPrivileges";a:2:{s:4:"type";s:10:"TYPE_ALLOW";s:6:"assert";N;}}}}s:35:"administration::projectportal::edit";a:1:{s:8:"byRoleId";a:2:{s:10:"superadmin";a:2:{s:13:"byPrivilegeId";a:0:{}s:13:"allPrivileges";a:2:{s:4:"type";s:10:"TYPE_ALLOW";s:6:"assert";N;}}s:5:"admin";a:2:{s:13:"byPrivilegeId";a:0:{}s:13:"allPrivileges";a:2:{s:4:"type";s:10:"TYPE_ALLOW";s:6:"assert";N;}}}}s:37:"administration::projectportal::delete";a:1:{s:8:"byRoleId";a:2:{s:10:"superadmin";a:2:{s:13:"byPrivilegeId";a:0:{}s:13:"allPrivileges";a:2:{s:4:"type";s:10:"TYPE_ALLOW";s:6:"assert";N;}}s:5:"admin";a:2:{s:13:"byPrivilegeId";a:0:{}s:13:"allPrivileges";a:2:{s:4:"type";s:10:"TYPE_ALLOW";s:6:"assert";N;}}}}s:33:"administration::attendance::index";a:1:{s:8:"byRoleId";a:2:{s:10:"superadmin";a:2:{s:13:"byPrivilegeId";a:0:{}s:13:"allPrivileges";a:2:{s:4:"type";s:10:"TYPE_ALLOW";s:6:"assert";N;}}s:5:"admin";a:2:{s:13:"byPrivilegeId";a:0:{}s:13:"allPrivileges";a:2:{s:4:"type";s:10:"TYPE_ALLOW";s:6:"assert";N;}}}}s:34:"administration::attendance::insert";a:1:{s:8:"byRoleId";a:1:{s:10:"superadmin";a:2:{s:13:"byPrivilegeId";a:0:{}s:13:"allPrivileges";a:2:{s:4:"type";s:10:"TYPE_ALLOW";s:6:"assert";N;}}}}s:28:"administration::album::index";a:1:{s:8:"byRoleId";a:1:{s:10:"superadmin";a:2:{s:13:"byPrivilegeId";a:0:{}s:13:"allPrivileges";a:2:{s:4:"type";s:10:"TYPE_ALLOW";s:6:"assert";N;}}}}s:27:"administration::album::list";a:1:{s:8:"byRoleId";a:1:{s:10:"superadmin";a:2:{s:13:"byPrivilegeId";a:0:{}s:13:"allPrivileges";a:2:{s:4:"type";s:10:"TYPE_ALLOW";s:6:"assert";N;}}}}s:26:"administration::album::add";a:1:{s:8:"byRoleId";a:1:{s:10:"superadmin";a:2:{s:13:"byPrivilegeId";a:0:{}s:13:"allPrivileges";a:2:{s:4:"type";s:10:"TYPE_ALLOW";s:6:"assert";N;}}}}s:29:"administration::album::upload";a:1:{s:8:"byRoleId";a:1:{s:10:"superadmin";a:2:{s:13:"byPrivilegeId";a:0:{}s:13:"allPrivileges";a:2:{s:4:"type";s:10:"TYPE_ALLOW";s:6:"assert";N;}}}}s:27:"administration::album::edit";a:1:{s:8:"byRoleId";a:1:{s:10:"superadmin";a:2:{s:13:"byPrivilegeId";a:0:{}s:13:"allPrivileges";a:2:{s:4:"type";s:10:"TYPE_ALLOW";s:6:"assert";N;}}}}s:29:"administration::album::delete";a:1:{s:8:"byRoleId";a:1:{s:10:"superadmin";a:2:{s:13:"byPrivilegeId";a:0:{}s:13:"allPrivileges";a:2:{s:4:"type";s:10:"TYPE_ALLOW";s:6:"assert";N;}}}}s:27:"administration::main::index";a:1:{s:8:"byRoleId";a:1:{s:10:"superadmin";a:2:{s:13:"byPrivilegeId";a:0:{}s:13:"allPrivileges";a:2:{s:4:"type";s:10:"TYPE_ALLOW";s:6:"assert";N;}}}}s:28:"administration::index::index";a:1:{s:8:"byRoleId";a:1:{s:10:"superadmin";a:2:{s:13:"byPrivilegeId";a:0:{}s:13:"allPrivileges";a:2:{s:4:"type";s:10:"TYPE_ALLOW";s:6:"assert";N;}}}}s:28:"administration::index::login";a:1:{s:8:"byRoleId";a:1:{s:10:"superadmin";a:2:{s:13:"byPrivilegeId";a:0:{}s:13:"allPrivileges";a:2:{s:4:"type";s:10:"TYPE_ALLOW";s:6:"assert";N;}}}}s:29:"administration::index::logout";a:1:{s:8:"byRoleId";a:1:{s:10:"superadmin";a:2:{s:13:"byPrivilegeId";a:0:{}s:13:"allPrivileges";a:2:{s:4:"type";s:10:"TYPE_ALLOW";s:6:"assert";N;}}}}s:42:"administration::competitioncategory::index";a:1:{s:8:"byRoleId";a:1:{s:10:"superadmin";a:2:{s:13:"byPrivilegeId";a:0:{}s:13:"allPrivileges";a:2:{s:4:"type";s:10:"TYPE_ALLOW";s:6:"assert";N;}}}}s:40:"administration::competitioncategory::add";a:1:{s:8:"byRoleId";a:2:{s:10:"superadmin";a:2:{s:13:"byPrivilegeId";a:0:{}s:13:"allPrivileges";a:2:{s:4:"type";s:10:"TYPE_ALLOW";s:6:"assert";N;}}s:5:"admin";a:2:{s:13:"byPrivilegeId";a:0:{}s:13:"allPrivileges";a:2:{s:4:"type";s:10:"TYPE_ALLOW";s:6:"assert";N;}}}}s:41:"administration::competitioncategory::edit";a:1:{s:8:"byRoleId";a:2:{s:10:"superadmin";a:2:{s:13:"byPrivilegeId";a:0:{}s:13:"allPrivileges";a:2:{s:4:"type";s:10:"TYPE_ALLOW";s:6:"assert";N;}}s:5:"admin";a:2:{s:13:"byPrivilegeId";a:0:{}s:13:"allPrivileges";a:2:{s:4:"type";s:10:"TYPE_ALLOW";s:6:"assert";N;}}}}s:43:"administration::competitioncategory::delete";a:1:{s:8:"byRoleId";a:1:{s:10:"superadmin";a:2:{s:13:"byPrivilegeId";a:0:{}s:13:"allPrivileges";a:2:{s:4:"type";s:10:"TYPE_ALLOW";s:6:"assert";N;}}}}s:38:"administration::contactcategory::index";a:1:{s:8:"byRoleId";a:1:{s:10:"superadmin";a:2:{s:13:"byPrivilegeId";a:0:{}s:13:"allPrivileges";a:2:{s:4:"type";s:10:"TYPE_ALLOW";s:6:"assert";N;}}}}s:36:"administration::contactcategory::add";a:1:{s:8:"byRoleId";a:1:{s:10:"superadmin";a:2:{s:13:"byPrivilegeId";a:0:{}s:13:"allPrivileges";a:2:{s:4:"type";s:10:"TYPE_ALLOW";s:6:"assert";N;}}}}s:37:"administration::contactcategory::list";a:1:{s:8:"byRoleId";a:1:{s:10:"superadmin";a:2:{s:13:"byPrivilegeId";a:0:{}s:13:"allPrivileges";a:2:{s:4:"type";s:10:"TYPE_ALLOW";s:6:"assert";N;}}}}s:37:"administration::contactcategory::edit";a:1:{s:8:"byRoleId";a:1:{s:10:"superadmin";a:2:{s:13:"byPrivilegeId";a:0:{}s:13:"allPrivileges";a:2:{s:4:"type";s:10:"TYPE_ALLOW";s:6:"assert";N;}}}}s:39:"administration::contactcategory::delete";a:1:{s:8:"byRoleId";a:1:{s:10:"superadmin";a:2:{s:13:"byPrivilegeId";a:0:{}s:13:"allPrivileges";a:2:{s:4:"type";s:10:"TYPE_ALLOW";s:6:"assert";N;}}}}s:27:"administration::menu::index";a:1:{s:8:"byRoleId";a:1:{s:10:"superadmin";a:2:{s:13:"byPrivilegeId";a:0:{}s:13:"allPrivileges";a:2:{s:4:"type";s:10:"TYPE_ALLOW";s:6:"assert";N;}}}}s:26:"administration::menu::save";a:1:{s:8:"byRoleId";a:1:{s:10:"superadmin";a:2:{s:13:"byPrivilegeId";a:0:{}s:13:"allPrivileges";a:2:{s:4:"type";s:10:"TYPE_ALLOW";s:6:"assert";N;}}}}s:26:"administration::menu::load";a:1:{s:8:"byRoleId";a:1:{s:10:"superadmin";a:2:{s:13:"byPrivilegeId";a:0:{}s:13:"allPrivileges";a:2:{s:4:"type";s:10:"TYPE_ALLOW";s:6:"assert";N;}}}}s:32:"administration::dashboard::index";a:1:{s:8:"byRoleId";a:1:{s:10:"superadmin";a:2:{s:13:"byPrivilegeId";a:0:{}s:13:"allPrivileges";a:2:{s:4:"type";s:10:"TYPE_ALLOW";s:6:"assert";N;}}}}s:40:"administration::admissionquestion::index";a:1:{s:8:"byRoleId";a:1:{s:10:"superadmin";a:2:{s:13:"byPrivilegeId";a:0:{}s:13:"allPrivileges";a:2:{s:4:"type";s:10:"TYPE_ALLOW";s:6:"assert";N;}}}}s:39:"administration::admissionquestion::list";a:1:{s:8:"byRoleId";a:1:{s:10:"superadmin";a:2:{s:13:"byPrivilegeId";a:0:{}s:13:"allPrivileges";a:2:{s:4:"type";s:10:"TYPE_ALLOW";s:6:"assert";N;}}}}s:38:"administration::admissionquestion::add";a:1:{s:8:"byRoleId";a:1:{s:10:"superadmin";a:2:{s:13:"byPrivilegeId";a:0:{}s:13:"allPrivileges";a:2:{s:4:"type";s:10:"TYPE_ALLOW";s:6:"assert";N;}}}}s:39:"administration::admissionquestion::edit";a:1:{s:8:"byRoleId";a:1:{s:10:"superadmin";a:2:{s:13:"byPrivilegeId";a:0:{}s:13:"allPrivileges";a:2:{s:4:"type";s:10:"TYPE_ALLOW";s:6:"assert";N;}}}}s:41:"administration::admissionquestion::delete";a:1:{s:8:"byRoleId";a:1:{s:10:"superadmin";a:2:{s:13:"byPrivilegeId";a:0:{}s:13:"allPrivileges";a:2:{s:4:"type";s:10:"TYPE_ALLOW";s:6:"assert";N;}}}}s:31:"administration::material::index";a:1:{s:8:"byRoleId";a:1:{s:10:"superadmin";a:2:{s:13:"byPrivilegeId";a:0:{}s:13:"allPrivileges";a:2:{s:4:"type";s:10:"TYPE_ALLOW";s:6:"assert";N;}}}}s:29:"administration::material::add";a:1:{s:8:"byRoleId";a:1:{s:10:"superadmin";a:2:{s:13:"byPrivilegeId";a:0:{}s:13:"allPrivileges";a:2:{s:4:"type";s:10:"TYPE_ALLOW";s:6:"assert";N;}}}}s:30:"administration::material::list";a:1:{s:8:"byRoleId";a:1:{s:10:"superadmin";a:2:{s:13:"byPrivilegeId";a:0:{}s:13:"allPrivileges";a:2:{s:4:"type";s:10:"TYPE_ALLOW";s:6:"assert";N;}}}}s:30:"administration::material::edit";a:1:{s:8:"byRoleId";a:1:{s:10:"superadmin";a:2:{s:13:"byPrivilegeId";a:0:{}s:13:"allPrivileges";a:2:{s:4:"type";s:10:"TYPE_ALLOW";s:6:"assert";N;}}}}s:32:"administration::material::delete";a:1:{s:8:"byRoleId";a:1:{s:10:"superadmin";a:2:{s:13:"byPrivilegeId";a:0:{}s:13:"allPrivileges";a:2:{s:4:"type";s:10:"TYPE_ALLOW";s:6:"assert";N;}}}}s:28:"administration::event::index";a:1:{s:8:"byRoleId";a:1:{s:10:"superadmin";a:2:{s:13:"byPrivilegeId";a:0:{}s:13:"allPrivileges";a:2:{s:4:"type";s:10:"TYPE_ALLOW";s:6:"assert";N;}}}}s:27:"administration::event::list";a:1:{s:8:"byRoleId";a:1:{s:10:"superadmin";a:2:{s:13:"byPrivilegeId";a:0:{}s:13:"allPrivileges";a:2:{s:4:"type";s:10:"TYPE_ALLOW";s:6:"assert";N;}}}}s:26:"administration::event::add";a:1:{s:8:"byRoleId";a:1:{s:10:"superadmin";a:2:{s:13:"byPrivilegeId";a:0:{}s:13:"allPrivileges";a:2:{s:4:"type";s:10:"TYPE_ALLOW";s:6:"assert";N;}}}}s:27:"administration::event::edit";a:1:{s:8:"byRoleId";a:1:{s:10:"superadmin";a:2:{s:13:"byPrivilegeId";a:0:{}s:13:"allPrivileges";a:2:{s:4:"type";s:10:"TYPE_ALLOW";s:6:"assert";N;}}}}s:29:"administration::event::delete";a:1:{s:8:"byRoleId";a:1:{s:10:"superadmin";a:2:{s:13:"byPrivilegeId";a:0:{}s:13:"allPrivileges";a:2:{s:4:"type";s:10:"TYPE_ALLOW";s:6:"assert";N;}}}}s:28:"administration::video::index";a:1:{s:8:"byRoleId";a:1:{s:10:"superadmin";a:2:{s:13:"byPrivilegeId";a:0:{}s:13:"allPrivileges";a:2:{s:4:"type";s:10:"TYPE_ALLOW";s:6:"assert";N;}}}}s:27:"administration::video::list";a:1:{s:8:"byRoleId";a:1:{s:10:"superadmin";a:2:{s:13:"byPrivilegeId";a:0:{}s:13:"allPrivileges";a:2:{s:4:"type";s:10:"TYPE_ALLOW";s:6:"assert";N;}}}}s:26:"administration::video::add";a:1:{s:8:"byRoleId";a:1:{s:10:"superadmin";a:2:{s:13:"byPrivilegeId";a:0:{}s:13:"allPrivileges";a:2:{s:4:"type";s:10:"TYPE_ALLOW";s:6:"assert";N;}}}}s:27:"administration::video::edit";a:1:{s:8:"byRoleId";a:1:{s:10:"superadmin";a:2:{s:13:"byPrivilegeId";a:0:{}s:13:"allPrivileges";a:2:{s:4:"type";s:10:"TYPE_ALLOW";s:6:"assert";N;}}}}s:29:"administration::video::delete";a:1:{s:8:"byRoleId";a:1:{s:10:"superadmin";a:2:{s:13:"byPrivilegeId";a:0:{}s:13:"allPrivileges";a:2:{s:4:"type";s:10:"TYPE_ALLOW";s:6:"assert";N;}}}}s:35:"administration::newscategory::index";a:1:{s:8:"byRoleId";a:1:{s:10:"superadmin";a:2:{s:13:"byPrivilegeId";a:0:{}s:13:"allPrivileges";a:2:{s:4:"type";s:10:"TYPE_ALLOW";s:6:"assert";N;}}}}s:34:"administration::newscategory::list";a:1:{s:8:"byRoleId";a:1:{s:10:"superadmin";a:2:{s:13:"byPrivilegeId";a:0:{}s:13:"allPrivileges";a:2:{s:4:"type";s:10:"TYPE_ALLOW";s:6:"assert";N;}}}}s:33:"administration::newscategory::add";a:1:{s:8:"byRoleId";a:1:{s:10:"superadmin";a:2:{s:13:"byPrivilegeId";a:0:{}s:13:"allPrivileges";a:2:{s:4:"type";s:10:"TYPE_ALLOW";s:6:"assert";N;}}}}s:34:"administration::newscategory::edit";a:1:{s:8:"byRoleId";a:1:{s:10:"superadmin";a:2:{s:13:"byPrivilegeId";a:0:{}s:13:"allPrivileges";a:2:{s:4:"type";s:10:"TYPE_ALLOW";s:6:"assert";N;}}}}s:36:"administration::newscategory::delete";a:1:{s:8:"byRoleId";a:1:{s:10:"superadmin";a:2:{s:13:"byPrivilegeId";a:0:{}s:13:"allPrivileges";a:2:{s:4:"type";s:10:"TYPE_ALLOW";s:6:"assert";N;}}}}s:38:"administration::rolepermissions::index";a:1:{s:8:"byRoleId";a:1:{s:10:"superadmin";a:2:{s:13:"byPrivilegeId";a:0:{}s:13:"allPrivileges";a:2:{s:4:"type";s:10:"TYPE_ALLOW";s:6:"assert";N;}}}}s:36:"administration::forumcategory::index";a:1:{s:8:"byRoleId";a:1:{s:10:"superadmin";a:2:{s:13:"byPrivilegeId";a:0:{}s:13:"allPrivileges";a:2:{s:4:"type";s:10:"TYPE_ALLOW";s:6:"assert";N;}}}}s:34:"administration::forumcategory::add";a:1:{s:8:"byRoleId";a:1:{s:10:"superadmin";a:2:{s:13:"byPrivilegeId";a:0:{}s:13:"allPrivileges";a:2:{s:4:"type";s:10:"TYPE_ALLOW";s:6:"assert";N;}}}}s:35:"administration::forumcategory::edit";a:1:{s:8:"byRoleId";a:1:{s:10:"superadmin";a:2:{s:13:"byPrivilegeId";a:0:{}s:13:"allPrivileges";a:2:{s:4:"type";s:10:"TYPE_ALLOW";s:6:"assert";N;}}}}s:37:"administration::forumcategory::delete";a:1:{s:8:"byRoleId";a:1:{s:10:"superadmin";a:2:{s:13:"byPrivilegeId";a:0:{}s:13:"allPrivileges";a:2:{s:4:"type";s:10:"TYPE_ALLOW";s:6:"assert";N;}}}}s:37:"administration::attendancerule::index";a:1:{s:8:"byRoleId";a:1:{s:10:"superadmin";a:2:{s:13:"byPrivilegeId";a:0:{}s:13:"allPrivileges";a:2:{s:4:"type";s:10:"TYPE_ALLOW";s:6:"assert";N;}}}}s:36:"administration::attendancerule::list";a:1:{s:8:"byRoleId";a:1:{s:10:"superadmin";a:2:{s:13:"byPrivilegeId";a:0:{}s:13:"allPrivileges";a:2:{s:4:"type";s:10:"TYPE_ALLOW";s:6:"assert";N;}}}}s:36:"administration::attendancerule::edit";a:1:{s:8:"byRoleId";a:1:{s:10:"superadmin";a:2:{s:13:"byPrivilegeId";a:0:{}s:13:"allPrivileges";a:2:{s:4:"type";s:10:"TYPE_ALLOW";s:6:"assert";N;}}}}s:35:"administration::attendancerule::add";a:1:{s:8:"byRoleId";a:1:{s:10:"superadmin";a:2:{s:13:"byPrivilegeId";a:0:{}s:13:"allPrivileges";a:2:{s:4:"type";s:10:"TYPE_ALLOW";s:6:"assert";N;}}}}s:38:"administration::attendancerule::delete";a:1:{s:8:"byRoleId";a:1:{s:10:"superadmin";a:2:{s:13:"byPrivilegeId";a:0:{}s:13:"allPrivileges";a:2:{s:4:"type";s:10:"TYPE_ALLOW";s:6:"assert";N;}}}}s:37:"administration::coursematerial::index";a:1:{s:8:"byRoleId";a:1:{s:10:"superadmin";a:2:{s:13:"byPrivilegeId";a:0:{}s:13:"allPrivileges";a:2:{s:4:"type";s:10:"TYPE_ALLOW";s:6:"assert";N;}}}}s:38:"administration::coursematerial::delete";a:1:{s:8:"byRoleId";a:1:{s:10:"superadmin";a:2:{s:13:"byPrivilegeId";a:0:{}s:13:"allPrivileges";a:2:{s:4:"type";s:10:"TYPE_ALLOW";s:6:"assert";N;}}}}s:35:"administration::coursematerial::add";a:1:{s:8:"byRoleId";a:1:{s:10:"superadmin";a:2:{s:13:"byPrivilegeId";a:0:{}s:13:"allPrivileges";a:2:{s:4:"type";s:10:"TYPE_ALLOW";s:6:"assert";N;}}}}s:36:"administration::coursematerial::list";a:1:{s:8:"byRoleId";a:1:{s:10:"superadmin";a:2:{s:13:"byPrivilegeId";a:0:{}s:13:"allPrivileges";a:2:{s:4:"type";s:10:"TYPE_ALLOW";s:6:"assert";N;}}}}s:36:"administration::coursematerial::edit";a:1:{s:8:"byRoleId";a:1:{s:10:"superadmin";a:2:{s:13:"byPrivilegeId";a:0:{}s:13:"allPrivileges";a:2:{s:4:"type";s:10:"TYPE_ALLOW";s:6:"assert";N;}}}}s:27:"administration::role::index";a:1:{s:8:"byRoleId";a:1:{s:10:"superadmin";a:2:{s:13:"byPrivilegeId";a:0:{}s:13:"allPrivileges";a:2:{s:4:"type";s:10:"TYPE_ALLOW";s:6:"assert";N;}}}}s:26:"administration::role::list";a:1:{s:8:"byRoleId";a:1:{s:10:"superadmin";a:2:{s:13:"byPrivilegeId";a:0:{}s:13:"allPrivileges";a:2:{s:4:"type";s:10:"TYPE_ALLOW";s:6:"assert";N;}}}}s:25:"administration::role::add";a:1:{s:8:"byRoleId";a:1:{s:10:"superadmin";a:2:{s:13:"byPrivilegeId";a:0:{}s:13:"allPrivileges";a:2:{s:4:"type";s:10:"TYPE_ALLOW";s:6:"assert";N;}}}}s:26:"administration::role::edit";a:1:{s:8:"byRoleId";a:1:{s:10:"superadmin";a:2:{s:13:"byPrivilegeId";a:0:{}s:13:"allPrivileges";a:2:{s:4:"type";s:10:"TYPE_ALLOW";s:6:"assert";N;}}}}s:28:"administration::role::delete";a:1:{s:8:"byRoleId";a:1:{s:10:"superadmin";a:2:{s:13:"byPrivilegeId";a:0:{}s:13:"allPrivileges";a:2:{s:4:"type";s:10:"TYPE_ALLOW";s:6:"assert";N;}}}}s:37:"administration::categorycourse::index";a:1:{s:8:"byRoleId";a:1:{s:10:"superadmin";a:2:{s:13:"byPrivilegeId";a:0:{}s:13:"allPrivileges";a:2:{s:4:"type";s:10:"TYPE_ALLOW";s:6:"assert";N;}}}}s:35:"administration::categorycourse::add";a:1:{s:8:"byRoleId";a:1:{s:10:"superadmin";a:2:{s:13:"byPrivilegeId";a:0:{}s:13:"allPrivileges";a:2:{s:4:"type";s:10:"TYPE_ALLOW";s:6:"assert";N;}}}}s:38:"administration::categorycourse::delete";a:1:{s:8:"byRoleId";a:1:{s:10:"superadmin";a:2:{s:13:"byPrivilegeId";a:0:{}s:13:"allPrivileges";a:2:{s:4:"type";s:10:"TYPE_ALLOW";s:6:"assert";N;}}}}s:36:"administration::categorycourse::edit";a:1:{s:8:"byRoleId";a:1:{s:10:"superadmin";a:2:{s:13:"byPrivilegeId";a:0:{}s:13:"allPrivileges";a:2:{s:4:"type";s:10:"TYPE_ALLOW";s:6:"assert";N;}}}}s:36:"administration::categorycourse::list";a:1:{s:8:"byRoleId";a:1:{s:10:"superadmin";a:2:{s:13:"byPrivilegeId";a:0:{}s:13:"allPrivileges";a:2:{s:4:"type";s:10:"TYPE_ALLOW";s:6:"assert";N;}}}}s:41:"administration::admissioninterview::index";a:1:{s:8:"byRoleId";a:1:{s:10:"superadmin";a:2:{s:13:"byPrivilegeId";a:0:{}s:13:"allPrivileges";a:2:{s:4:"type";s:10:"TYPE_ALLOW";s:6:"assert";N;}}}}s:41:"administration::admissioninterview::start";a:1:{s:8:"byRoleId";a:1:{s:10:"superadmin";a:2:{s:13:"byPrivilegeId";a:0:{}s:13:"allPrivileges";a:2:{s:4:"type";s:10:"TYPE_ALLOW";s:6:"assert";N;}}}}s:43:"administration::admissioninterview::display";a:1:{s:8:"byRoleId";a:1:{s:10:"superadmin";a:2:{s:13:"byPrivilegeId";a:0:{}s:13:"allPrivileges";a:2:{s:4:"type";s:10:"TYPE_ALLOW";s:6:"assert";N;}}}}s:40:"administration::admissioninterview::save";a:1:{s:8:"byRoleId";a:1:{s:10:"superadmin";a:2:{s:13:"byPrivilegeId";a:0:{}s:13:"allPrivileges";a:2:{s:4:"type";s:10:"TYPE_ALLOW";s:6:"assert";N;}}}}s:39:"administration::admissioninterview::end";a:1:{s:8:"byRoleId";a:1:{s:10:"superadmin";a:2:{s:13:"byPrivilegeId";a:0:{}s:13:"allPrivileges";a:2:{s:4:"type";s:10:"TYPE_ALLOW";s:6:"assert";N;}}}}s:42:"administration::admissioninterview::result";a:1:{s:8:"byRoleId";a:1:{s:10:"superadmin";a:2:{s:13:"byPrivilegeId";a:0:{}s:13:"allPrivileges";a:2:{s:4:"type";s:10:"TYPE_ALLOW";s:6:"assert";N;}}}}s:27:"administration::page::index";a:1:{s:8:"byRoleId";a:1:{s:10:"superadmin";a:2:{s:13:"byPrivilegeId";a:0:{}s:13:"allPrivileges";a:2:{s:4:"type";s:10:"TYPE_ALLOW";s:6:"assert";N;}}}}s:26:"administration::page::list";a:1:{s:8:"byRoleId";a:1:{s:10:"superadmin";a:2:{s:13:"byPrivilegeId";a:0:{}s:13:"allPrivileges";a:2:{s:4:"type";s:10:"TYPE_ALLOW";s:6:"assert";N;}}}}s:25:"administration::page::add";a:1:{s:8:"byRoleId";a:1:{s:10:"superadmin";a:2:{s:13:"byPrivilegeId";a:0:{}s:13:"allPrivileges";a:2:{s:4:"type";s:10:"TYPE_ALLOW";s:6:"assert";N;}}}}s:26:"administration::page::edit";a:1:{s:8:"byRoleId";a:1:{s:10:"superadmin";a:2:{s:13:"byPrivilegeId";a:0:{}s:13:"allPrivileges";a:2:{s:4:"type";s:10:"TYPE_ALLOW";s:6:"assert";N;}}}}s:28:"administration::page::delete";a:1:{s:8:"byRoleId";a:1:{s:10:"superadmin";a:2:{s:13:"byPrivilegeId";a:0:{}s:13:"allPrivileges";a:2:{s:4:"type";s:10:"TYPE_ALLOW";s:6:"assert";N;}}}}s:27:"administration::poll::index";a:1:{s:8:"byRoleId";a:1:{s:10:"superadmin";a:2:{s:13:"byPrivilegeId";a:0:{}s:13:"allPrivileges";a:2:{s:4:"type";s:10:"TYPE_ALLOW";s:6:"assert";N;}}}}s:26:"administration::poll::list";a:1:{s:8:"byRoleId";a:1:{s:10:"superadmin";a:2:{s:13:"byPrivilegeId";a:0:{}s:13:"allPrivileges";a:2:{s:4:"type";s:10:"TYPE_ALLOW";s:6:"assert";N;}}}}s:25:"administration::poll::add";a:1:{s:8:"byRoleId";a:1:{s:10:"superadmin";a:2:{s:13:"byPrivilegeId";a:0:{}s:13:"allPrivileges";a:2:{s:4:"type";s:10:"TYPE_ALLOW";s:6:"assert";N;}}}}s:26:"administration::poll::edit";a:1:{s:8:"byRoleId";a:1:{s:10:"superadmin";a:2:{s:13:"byPrivilegeId";a:0:{}s:13:"allPrivileges";a:2:{s:4:"type";s:10:"TYPE_ALLOW";s:6:"assert";N;}}}}s:28:"administration::poll::delete";a:1:{s:8:"byRoleId";a:1:{s:10:"superadmin";a:2:{s:13:"byPrivilegeId";a:0:{}s:13:"allPrivileges";a:2:{s:4:"type";s:10:"TYPE_ALLOW";s:6:"assert";N;}}}}s:29:"administration::course::index";a:1:{s:8:"byRoleId";a:1:{s:10:"superadmin";a:2:{s:13:"byPrivilegeId";a:0:{}s:13:"allPrivileges";a:2:{s:4:"type";s:10:"TYPE_ALLOW";s:6:"assert";N;}}}}s:30:"administration::course::delete";a:1:{s:8:"byRoleId";a:1:{s:10:"superadmin";a:2:{s:13:"byPrivilegeId";a:0:{}s:13:"allPrivileges";a:2:{s:4:"type";s:10:"TYPE_ALLOW";s:6:"assert";N;}}}}s:28:"administration::course::edit";a:1:{s:8:"byRoleId";a:1:{s:10:"superadmin";a:2:{s:13:"byPrivilegeId";a:0:{}s:13:"allPrivileges";a:2:{s:4:"type";s:10:"TYPE_ALLOW";s:6:"assert";N;}}}}s:28:"administration::course::list";a:1:{s:8:"byRoleId";a:1:{s:10:"superadmin";a:2:{s:13:"byPrivilegeId";a:0:{}s:13:"allPrivileges";a:2:{s:4:"type";s:10:"TYPE_ALLOW";s:6:"assert";N;}}}}s:27:"administration::course::add";a:1:{s:8:"byRoleId";a:1:{s:10:"superadmin";a:2:{s:13:"byPrivilegeId";a:0:{}s:13:"allPrivileges";a:2:{s:4:"type";s:10:"TYPE_ALLOW";s:6:"assert";N;}}}}s:34:"administration::competition::index";a:1:{s:8:"byRoleId";a:1:{s:10:"superadmin";a:2:{s:13:"byPrivilegeId";a:0:{}s:13:"allPrivileges";a:2:{s:4:"type";s:10:"TYPE_ALLOW";s:6:"assert";N;}}}}s:32:"administration::competition::add";a:1:{s:8:"byRoleId";a:1:{s:10:"superadmin";a:2:{s:13:"byPrivilegeId";a:0:{}s:13:"allPrivileges";a:2:{s:4:"type";s:10:"TYPE_ALLOW";s:6:"assert";N;}}}}s:31:"administration::resource::index";a:1:{s:8:"byRoleId";a:1:{s:10:"superadmin";a:2:{s:13:"byPrivilegeId";a:0:{}s:13:"allPrivileges";a:2:{s:4:"type";s:10:"TYPE_ALLOW";s:6:"assert";N;}}}}s:31:"administration::resource::build";a:1:{s:8:"byRoleId";a:1:{s:10:"superadmin";a:2:{s:13:"byPrivilegeId";a:0:{}s:13:"allPrivileges";a:2:{s:4:"type";s:10:"TYPE_ALLOW";s:6:"assert";N;}}}}s:35:"administration::forumsection::index";a:1:{s:8:"byRoleId";a:1:{s:10:"superadmin";a:2:{s:13:"byPrivilegeId";a:0:{}s:13:"allPrivileges";a:2:{s:4:"type";s:10:"TYPE_ALLOW";s:6:"assert";N;}}}}s:36:"administration::forumsection::delete";a:1:{s:8:"byRoleId";a:1:{s:10:"superadmin";a:2:{s:13:"byPrivilegeId";a:0:{}s:13:"allPrivileges";a:2:{s:4:"type";s:10:"TYPE_ALLOW";s:6:"assert";N;}}}}s:33:"administration::forumsection::add";a:1:{s:8:"byRoleId";a:1:{s:10:"superadmin";a:2:{s:13:"byPrivilegeId";a:0:{}s:13:"allPrivileges";a:2:{s:4:"type";s:10:"TYPE_ALLOW";s:6:"assert";N;}}}}s:34:"administration::forumsection::edit";a:1:{s:8:"byRoleId";a:1:{s:10:"superadmin";a:2:{s:13:"byPrivilegeId";a:0:{}s:13:"allPrivileges";a:2:{s:4:"type";s:10:"TYPE_ALLOW";s:6:"assert";N;}}}}}}}}fb_519321718188902_state|s:32:"e3e5a67a13cf103970ea42618547965f";Zend_Auth|a:1:{s:7:"storage";O:8:"stdClass":7:{s:5:"email";s:21:"islam.askar@gmail.com";s:2:"id";s:1:"1";s:6:"roleId";s:1:"0";s:9:"firstName";s:5:"Islam";s:8:"lastName";s:5:"Askar";s:5:"image";s:15:"Islam_Askar.jpg";s:9:"isEnabled";s:1:"1";}}OSD_ACL|a:1:{s:8:"clearACL";N;}');

-- --------------------------------------------------------

--
-- Table structure for table `settings`
--

DROP TABLE IF EXISTS `settings`;
CREATE TABLE IF NOT EXISTS `settings` (
  `id` tinyint(4) NOT NULL AUTO_INCREMENT,
  `slider` int(11) DEFAULT NULL,
  `services` int(11) DEFAULT NULL,
  `servicesName` varchar(100) DEFAULT NULL,
  `technologies` int(11) DEFAULT NULL,
  `TechnologiesName` varchar(100) NOT NULL,
  `articlesNo` int(11) DEFAULT NULL,
  `articlesName` varchar(100) DEFAULT NULL,
  `articlesMore` varchar(200) DEFAULT NULL,
  `imagesNo` int(11) DEFAULT NULL,
  `imageName` varchar(100) DEFAULT NULL,
  `imageMore` varchar(200) DEFAULT NULL,
  `video` int(11) DEFAULT NULL,
  `videoName` varchar(100) DEFAULT NULL,
  `videoMore` varchar(200) DEFAULT NULL,
  `poll` int(11) DEFAULT NULL,
  `pollName` varchar(100) DEFAULT NULL,
  `pollMore` varchar(200) DEFAULT NULL,
  `eventName` varchar(100) DEFAULT NULL,
  `eventMore` varchar(200) DEFAULT NULL,
  `activityName` varchar(100) DEFAULT NULL,
  `activityMore` varchar(200) DEFAULT NULL,
  `datesName` varchar(200) DEFAULT NULL,
  `datesMore` varchar(200) DEFAULT NULL,
  `aboutUs` text,
  `facebook` varchar(255) DEFAULT NULL,
  `google` varchar(255) DEFAULT NULL,
  `twitter` varchar(255) DEFAULT NULL,
  `linkedIn` varchar(255) DEFAULT NULL,
  PRIMARY KEY (`id`)
) ENGINE=InnoDB  DEFAULT CHARSET=latin1 AUTO_INCREMENT=2 ;

--
-- Dumping data for table `settings`
--

INSERT INTO `settings` (`id`, `slider`, `services`, `servicesName`, `technologies`, `TechnologiesName`, `articlesNo`, `articlesName`, `articlesMore`, `imagesNo`, `imageName`, `imageMore`, `video`, `videoName`, `videoMore`, `poll`, `pollName`, `pollMore`, `eventName`, `eventMore`, `activityName`, `activityMore`, `datesName`, `datesMore`, `aboutUs`, `facebook`, `google`, `twitter`, `linkedIn`) VALUES
(1, 1, 2, 'Our Services', 3, 'Open Source Technologies', 5, 'News', NULL, NULL, NULL, NULL, 2, 'Videos', NULL, 5, 'Poll', NULL, NULL, NULL, ' Activities Photos', NULL, NULL, NULL, '<p>Open Source Department started with its first track (Open Source Applications Development) in 2009 , then followed by (Telecom Applications Development) track in 2011. Two new tracks were introduced in 2015 ( Big Data Engineering track and Cloud Platform Engineering))</p>\r\n', 'https://www.facebook.com/iti.osd', '', 'https://twitter.com/itiosd', 'http://eg.linkedin.com/in/itiosd/');

-- --------------------------------------------------------

--
-- Table structure for table `track`
--

DROP TABLE IF EXISTS `track`;
CREATE TABLE IF NOT EXISTS `track` (
  `id` smallint(10) NOT NULL AUTO_INCREMENT,
  `name` varchar(100) NOT NULL,
  PRIMARY KEY (`id`)
) ENGINE=InnoDB  DEFAULT CHARSET=utf8 AUTO_INCREMENT=5 ;

--
-- Dumping data for table `track`
--

INSERT INTO `track` (`id`, `name`) VALUES
(1, 'Open Source Applications Development'),
(2, 'Telecom Applications Development'),
(3, 'Cloud Platform Development'),
(4, 'Big Data Systems Engineering');

-- --------------------------------------------------------

--
-- Table structure for table `user`
--

DROP TABLE IF EXISTS `user`;
CREATE TABLE IF NOT EXISTS `user` (
  `id` mediumint(11) unsigned NOT NULL AUTO_INCREMENT,
  `email` varchar(50) NOT NULL,
  `password` char(32) NOT NULL,
  `isEnabled` tinyint(1) NOT NULL DEFAULT '1',
  `roleId` smallint(6) NOT NULL,
  `firstName` varchar(20) NOT NULL,
  `lastName` varchar(20) NOT NULL,
  `jobTitle` varchar(100) DEFAULT NULL,
  `facebook` varchar(100) DEFAULT NULL,
  `twitter` varchar(100) DEFAULT NULL,
  `linkedin` varchar(100) DEFAULT NULL,
  `google` varchar(100) DEFAULT NULL,
  `mobile` int(11) DEFAULT NULL,
  `description` text,
  `image` char(65) DEFAULT NULL,
  `gender` enum('male','female') DEFAULT NULL,
  `createdOn` timestamp NOT NULL DEFAULT CURRENT_TIMESTAMP,
  `updatedOn` timestamp NOT NULL DEFAULT '0000-00-00 00:00:00',
  PRIMARY KEY (`id`),
  UNIQUE KEY `userEmail` (`email`),
  KEY `roleId` (`roleId`)
) ENGINE=InnoDB  DEFAULT CHARSET=utf8 AUTO_INCREMENT=7 ;

--
-- Dumping data for table `user`
--

INSERT INTO `user` (`id`, `email`, `password`, `isEnabled`, `roleId`, `firstName`, `lastName`, `jobTitle`, `facebook`, `twitter`, `linkedin`, `google`, `mobile`, `description`, `image`, `gender`, `createdOn`, `updatedOn`) VALUES
(1, 'islam.askar@gmail.com', 'e10adc3949ba59abbe56e057f20f883e', 1, 0, 'Islam', 'Askar', 'Teaching Assistant @ Information Technology Institute', 'https://www.facebook.com/islamaskar', 'https://twitter.com/islamaskar', 'http://eg.linkedin.com/in/islamaskar', 'https://plus.google.com/+IslamAskar/', NULL, '<p>Nullam mauris nisl, <strong>laoreet</strong> non orci aliquam, malesuada auctor massa. Pellentesque fermentum turpis sodales, pretium urna nec, sollicitudin urna. Morbi adipiscing, quam eget vestibulum viverra, purus orci egestas odio, vel commodo nibh odio sed lorem. Nam ultricies, nisl a dictum porttitor, nunc quam molestie velit, a pretium sem turpis at purus. Quisque semper mi at ipsum ultricies, sit amet facilisis ante semper. Duis vitae ullamcorper augue. Duis aliquam condimentum nisi non mollis. Aenean ut erat pulvinar, convallis nisl a, dictum odio. Proin laoreet sollicitudin orci, eget fermentum mi fringilla sagittis. Etiam eget lorem blandit diam consequat gravida ac eget ipsum. Sed ultricies sollicitudin nunc venenatis gravida.</p>\r\n', 'Islam_Askar.jpg', 'male', '0000-00-00 00:00:00', '2015-09-21 03:35:11'),
(2, 'newremonassar@yahoo.com', 'e10adc3949ba59abbe56e057f20f883e', 1, 3, 'Marwa', 'Fouad', '', 'https://www.facebook.com/marwa.fouad.98', NULL, NULL, NULL, NULL, NULL, NULL, 'female', '2014-02-28 23:28:49', '0000-00-00 00:00:00'),
(3, 'elfares102@yahoo.com', 'e10adc3949ba59abbe56e057f20f883e', 1, 0, 'Sayed', 'Fathy', 'Technical Business Analyst@ERPians', 'https://www.facebook.com/sayed.fathy', '', '', '', NULL, '', 'download.png', 'male', '2014-07-16 10:59:40', '2015-09-21 08:29:41'),
(6, 'islam.askarss@gmail.com', 'e10adc3949ba59abbe56e057f20f883e', 1, 1, 'Islam', 'Askar', '', '', '', '', '', NULL, '', NULL, NULL, '2015-09-17 10:47:00', '0000-00-00 00:00:00');

-- --------------------------------------------------------

--
-- Table structure for table `video`
--

DROP TABLE IF EXISTS `video`;
CREATE TABLE IF NOT EXISTS `video` (
  `id` mediumint(8) NOT NULL AUTO_INCREMENT,
  `videoTitle` varchar(100) NOT NULL,
  `videoUrl` varchar(50) NOT NULL,
  PRIMARY KEY (`id`)
) ENGINE=InnoDB  DEFAULT CHARSET=utf8 AUTO_INCREMENT=3 ;

--
-- Dumping data for table `video`
--

INSERT INTO `video` (`id`, `videoTitle`, `videoUrl`) VALUES
(1, 'Open Source Track - ITI', 'sBO1Nybkocg'),
(2, 'Information Technology Institute - Demo', 'guIgMrHVvcM');

--
-- Constraints for dumped tables
--

--
-- Constraints for table `image`
--
ALTER TABLE `image`
  ADD CONSTRAINT `image_ibfk_1` FOREIGN KEY (`albumId`) REFERENCES `album` (`id`) ON DELETE CASCADE ON UPDATE CASCADE;

--
-- Constraints for table `itian`
--
ALTER TABLE `itian`
  ADD CONSTRAINT `itian_ibfk_1` FOREIGN KEY (`branchId`) REFERENCES `branch` (`id`) ON DELETE CASCADE ON UPDATE CASCADE,
  ADD CONSTRAINT `itian_ibfk_2` FOREIGN KEY (`intakeId`) REFERENCES `intake` (`id`) ON DELETE CASCADE ON UPDATE CASCADE,
  ADD CONSTRAINT `itian_ibfk_3` FOREIGN KEY (`trackId`) REFERENCES `track` (`id`) ON DELETE CASCADE ON UPDATE CASCADE,
  ADD CONSTRAINT `itian_ibfk_4` FOREIGN KEY (`userId`) REFERENCES `user` (`id`) ON DELETE CASCADE ON UPDATE CASCADE;

--
-- Constraints for table `jobs`
--
ALTER TABLE `jobs`
  ADD CONSTRAINT `jobs_ibfk_1` FOREIGN KEY (`createdBy`) REFERENCES `user` (`id`) ON DELETE CASCADE ON UPDATE CASCADE;

--
-- Constraints for table `pollChoices`
--
ALTER TABLE `pollChoices`
  ADD CONSTRAINT `pollChoices_ibfk_1` FOREIGN KEY (`pollId`) REFERENCES `poll` (`id`) ON DELETE CASCADE ON UPDATE CASCADE;

--
-- Constraints for table `roleResource`
--
ALTER TABLE `roleResource`
  ADD CONSTRAINT `roleResource_ibfk_2` FOREIGN KEY (`roleId`) REFERENCES `role` (`id`) ON DELETE CASCADE ON UPDATE CASCADE;

/*!40101 SET CHARACTER_SET_CLIENT=@OLD_CHARACTER_SET_CLIENT */;
/*!40101 SET CHARACTER_SET_RESULTS=@OLD_CHARACTER_SET_RESULTS */;
/*!40101 SET COLLATION_CONNECTION=@OLD_COLLATION_CONNECTION */;
